	bsrc.name.new	btgt.name.new	bweight.new	bcommon.num.new
fra_spa	fra	spa	0.158315495172775	36240
eng_zho	eng	zho	0.646049481245012	40475
por_eng	por	eng	0.0157012591083708	2297
lat_eus	lat	eus	0.00866683660463931	34
lat_nld	lat	nld	0.00532454588716991	593
slk_eng	slk	eng	0.00272054903140252	398
tur_sqi	tur	sqi	0.0180553500073997	122
fra_msa	fra	msa	0.0365583456425406	198
swe_ita	swe	ita	0.00307538024402474	184
fra_mkd	fra	mkd	0.0933094078441425	364
swe_bul	swe	bul	0.00357392587988501	92
hbs_ara	hbs	ara	0.00288276745675849	36
bel_pol	bel	pol	0.00116006256517205	89
udm_rus	udm	rus	0.00106316145556468	88
grc_heb	grc	heb	0.00301067420855761	33
heb_slv	heb	slv	0.00277792617126983	52
grc_pol	grc	pol	0.00814650677789364	625
bul_ara	bul	ara	0.00280269058295964	35
ron_mkd	ron	mkd	0.00845936939246347	33
nld_por	nld	por	0.00226174703229346	169
spa_fra	spa	fra	0.0351710747579289	8387
pol_heb	pol	heb	0.00738983669373232	81
zho_dan	zho	dan	0.00135804564885261	88
ron_deu	ron	deu	0.00256397967986198	749
fra_epo	fra	epo	0.0664206642066421	36
spa_ara	spa	ara	0.0271460602178091	339
grc_lit	grc	lit	0.00524373664789279	81
eng_mlt	eng	mlt	0.348837209302326	30
fro_fra	fro	fra	0.0015474098707137	369
gmh_deu	gmh	deu	0.00120154454957484	351
cat_spa	cat	spa	0.0233410510681054	5343
hbs_mkd	hbs	mkd	0.134324532171238	524
deu_hin	deu	hin	0.017969195664575	63
ara_por	ara	por	0.00124463002368812	93
rus_slk	rus	slk	0.0961254518609032	1888
por_ara	por	ara	0.00240230621396541	30
jpn_cat	jpn	cat	0.00316596311930682	57
fas_fra	fas	fra	0.00123289566934912	294
kat_hye	kat	hye	0.0154277699859748	33
rus_lit	rus	lit	0.14753673852528	2279
pol_cat	pol	cat	0.00227727171739613	41
dan_bul	dan	bul	0.00295237355294849	76
tgk_rus	tgk	rus	0.00339486782970087	281
jpn_zho	jpn	zho	0.114860335195531	7196
deu_fra	deu	fra	0.0970926307225859	23153
fin_lit	fin	lit	0.00343108694244837	53
bul_lit	bul	lit	0.00207159966336505	32
ces_cat	ces	cat	0.00261053099311264	47
lat_jpn	lat	jpn	0.00233014752507774	305
ces_hun	ces	hun	0.0246412918947426	1355
lat_ces	lat	ces	0.00620713199466187	400
urd_ben	urd	ben	0.0548455804046858	103
hin_kan	hin	kan	0.0628571428571429	44
hun_tur	hun	tur	0.00336870473303015	40
hbs_eng	hbs	eng	0.0266518107372825	3899
swe_ces	swe	ces	0.00491915210576953	317
spa_isl	spa	isl	0.0168867055572613	110
deu_hbs	deu	hbs	0.11177724487077	5034
fra_ces	fra	ces	0.0643524409546569	4147
heb_slk	heb	slk	0.0021383839926684	42
kor_fra	kor	fra	0.00469255188435942	1119
deu_swe	deu	swe	0.0522681620354871	3747
eng_mon	eng	mon	0.0854312835328106	207
por_kor	por	kor	0.00228310502283105	51
dan_tur	dan	tur	0.010611419909045	126
deu_epo	deu	epo	0.134686346863469	73
grc_swe	grc	swe	0.00446378752371387	320
zho_vie	zho	vie	0.0381679389312977	30
tur_ell	tur	ell	0.00386550944497119	106
oss_kat	oss	kat	0.0174632352941176	38
fin_fra	fin	fra	0.00135870134989495	324
zho_yiz	zho	yiz	0.991071428571429	222
ara_spa	ara	spa	0.00493206937224237	1129
rus_ara	rus	ara	0.122837924407431	1534
grc_dan	grc	dan	0.00470686276022778	305
ell_ita	ell	ita	0.00242353334447602	145
ces_por	ces	por	0.00127139626075668	95
spa_ron	spa	ron	0.0258882149046794	478
slk_deu	slk	deu	0.0011981213457299	350
non_nor	non	nor	0.00152429066045337	70
fin_slv	fin	slv	0.00186975799989316	35
isl_swe	isl	swe	0.00263642450619351	189
deu_tam	deu	tam	0.026091888825865	46
deu_nor	deu	nor	0.0508024301548244	2333
swe_est	swe	est	0.0377092938607134	777
por_hbs	por	hbs	0.00512922994937383	231
bul_rus	bul	rus	0.0134465761368579	1113
slv_eng	slv	eng	0.00317853090352304	465
deu_gsw	deu	gsw	0.448275862068966	52
grc_hun	grc	hun	0.00561930567931768	309
rus_mkd	rus	mkd	0.0730581902076391	285
rus_tyv	rus	tyv	0.865853658536585	142
pol_mkd	pol	mkd	0.00999743655472956	39
ben_guj	ben	guj	0.122137404580153	64
spa_ell	spa	ell	0.0329662314929619	904
pol_ukr	pol	ukr	0.0301284891448826	136
fra_heb	fra	heb	0.0622206003101907	682
dan_por	dan	por	0.0018870197133336	141
eng_iku	eng	iku	0.223684210526316	68
nor_eng	nor	eng	0.00909128193910892	1330
rus_uig	rus	uig	0.262096774193548	390
pol_ita	pol	ita	0.00528163128865118	316
por_ita	por	ita	0.0059669062343306	357
jpn_rus	jpn	rus	0.0061252597496738	507
pol_eng	pol	eng	0.015537205900447	2273
ara_ben	ara	ben	0.0250266240681576	47
nor_est	nor	est	0.00669740354282941	138
mkd_hbs	mkd	hbs	0.00455191402433609	205
eng_hbs	eng	hbs	0.513389288569145	23121
zho_kaz	zho	kaz	0.13080684596577	321
spa_bul	spa	bul	0.0158884313573149	409
san_ron	san	ron	0.002328856152513	43
dan_lav	dan	lav	0.00896255371393493	73
por_cat	por	cat	0.0122750499888914	221
por_hun	por	hun	0.00421902562330648	232
fin_eng	fin	eng	0.010793333971318	1579
deu_eus	deu	eus	0.0815702268671935	320
hye_ukr	hye	ukr	0.00686752326096588	31
eng_ara	eng	ara	0.535233824471493	6684
heb_fra	heb	fra	0.00536351551393717	1279
swe_por	swe	por	0.00163274046118226	122
por_nor	por	nor	0.00311390806349759	143
fra_cos	fra	cos	0.78	39
spa_est	spa	est	0.0100461053142441	207
spa_por	spa	por	0.0696055994967947	5201
spa_hbs	spa	hbs	0.0246913580246914	1112
est_deu	est	deu	0.00152674891484438	446
tur_deu	tur	deu	0.00235858744916542	689
fra_nld	fra	nld	0.104264126208798	11612
sqi_eng	sqi	eng	0.0018319274884821	268
fra_tam	fra	tam	0.0187180941576858	33
urd_tur	urd	tur	0.00640053899275729	76
nor_tur	nor	tur	0.00252652854977261	30
lat_pol	lat	pol	0.00753388946819604	578
zho_hun	zho	hun	0.00234592373020059	129
eng_bre	eng	bre	0.142857142857143	58
ita_eus	ita	eus	0.0310986489931175	122
guj_hin	guj	hin	0.0328009127210496	115
swe_dan	swe	dan	0.115943147270791	7513
rus_ori	rus	ori	0.131648936170213	99
jpn_ara	jpn	ara	0.0025624599615631	32
ukr_eng	ukr	eng	0.00280941118569456	411
lat_dan	lat	dan	0.00364203151283199	236
fra_sin	fra	sin	0.0461997019374069	31
lat_ara	lat	ara	0.00328315182575272	41
por_glg	por	glg	0.0248840151834669	59
hbs_ita	hbs	ita	0.0101286979776032	606
eng_gle	eng	gle	0.67065868263473	112
deu_sqi	deu	sqi	0.08628089388782	583
spa_fas	spa	fas	0.00856209727248654	97
deu_eng	deu	eng	0.191586804653643	28028
nor_deu	nor	deu	0.00675398118607167	1973
spa_hun	spa	hun	0.0147484042262998	811
heb_lit	heb	lit	0.002460024600246	38
dan_ces	dan	ces	0.00254492411781137	164
ara_msa	ara	msa	0.189992614475628	1029
spa_cat	spa	cat	0.200844256831815	3616
bul_ron	bul	ron	0.00314124783362218	58
kat_ukr	kat	ukr	0.010412051395658	47
swe_sme	swe	sme	0.289017341040462	50
spa_swe	spa	swe	0.00922051110367146	661
eng_kaz	eng	kaz	0.045639771801141	112
sqi_ell	sqi	ell	0.00331850339143753	91
ita_dan	ita	dan	0.00950631954196824	616
spa_deu	spa	deu	0.022226862565212	6493
swe_ron	swe	ron	0.00460355285961872	85
ita_ara	ita	ara	0.0108103779628443	135
ces_eng	ces	eng	0.0213132459294298	3118
jpn_deu	jpn	deu	0.00715449603592995	2090
ita_isl	ita	isl	0.0066011667178385	43
cat_fra	cat	fra	0.0028893371298692	689
jpn_nld	jpn	nld	0.00299898537321206	334
fin_pol	fin	pol	0.00142075078206465	109
rus_hin	rus	hin	0.157729606389047	553
grc_ron	grc	ron	0.013594020797227	251
tur_bul	tur	bul	0.0024862093077461	64
chv_rus	chv	rus	0.00204175324989127	169
hye_rus	hye	rus	0.00577489972454453	478
ita_glg	ita	glg	0.0413327709827077	98
rus_kum	rus	kum	0.846153846153846	55
rus_nld	rus	nld	0.00929326305770802	1035
swe_cat	swe	cat	0.00672072872694957	121
eng_nld	eng	nld	0.659264979213619	73423
pol_rus	pol	rus	0.0188469530759194	1560
lat_spa	lat	spa	0.0126599973788825	2898
nor_slv	nor	slv	0.00186975799989316	35
heb_ron	heb	ron	0.00270797227036395	50
eng_ast	eng	ast	0.248704663212435	48
jpn_fra	jpn	fra	0.0359636505453676	8576
lat_swe	lat	swe	0.00390581408324964	280
rus_bak	rus	bak	0.910358565737052	457
enm_eng	enm	eng	0.00101849699919341	149
rus_dar	rus	dar	0.867647058823529	59
bel_rus	bel	rus	0.00854153578504808	707
pan_hin	pan	hin	0.033656588705077	118
kaz_rus	kaz	rus	0.00808244333832697	669
rus_mar	rus	mar	0.182232346241458	160
lat_bul	lat	bul	0.00446740734985627	115
fin_deu	fin	deu	0.00229354657611151	670
nld_fri	nld	fri	0.296610169491525	35
rus_ckt	rus	ckt	0.897435897435897	35
fra_hun	fra	hun	0.0717779919620288	3947
jpn_pol	jpn	pol	0.00116006256517205	89
slv_ita	slv	ita	0.00285809794417516	171
spa_pol	spa	pol	0.0193952033368092	1488
deu_pol	deu	pol	0.131856100104275	10116
fra_isl	fra	isl	0.0535769112680381	349
yid_deu	yid	deu	0.00104407717270748	305
eng_pol	eng	pol	0.588933785192909	45183
ell_mkd	ell	mkd	0.00871571391950782	34
dan_iku	dan	iku	0.588815789473684	179
ara_zho	ara	zho	0.00233040702314445	146
swe_nor	swe	nor	0.133636739760033	6137
nor_pol	nor	pol	0.00598279457768509	459
slk_ces	slk	ces	0.0171627199652401	1106
zho_swe	zho	swe	0.00193895770561321	139
fra_kor	fra	kor	0.0723430924881368	1616
bel_lit	bel	lit	0.00194212468440474	30
eng_glg	eng	glg	0.182201602699283	432
nld_kor	nld	kor	0.0021488047273704	48
swe_jpn	swe	jpn	0.00459917642654687	602
ita_nld	ita	nld	0.0157401837103016	1753
ron_bul	ron	bul	0.00295237355294849	76
ces_nor	ces	nor	0.00230821157154367	106
san_fra	san	fra	0.0011280576022276	269
rus_pol	rus	pol	0.0439259645464025	3370
rus_lbe	rus	lbe	0.923076923076923	60
zho_uig	zho	uig	0.565188172043011	841
ita_hbs	ita	hbs	0.0629718447464251	2836
hin_tel	hin	tel	0.062874251497006	42
rus_abk	rus	abk	0.765217391304348	88
ori_ben	ori	ben	0.0175718849840256	33
por_ell	por	ell	0.00244329370578368	67
ces_jpn	ces	jpn	0.00143628765480201	188
spa_ukr	spa	ukr	0.00996898537882144	45
nor_bul	nor	bul	0.00182580996037604	47
grc_fra	grc	fra	0.00891123570532955	2125
ben_asm	ben	asm	0.11787072243346	62
san_guj	san	guj	0.0820610687022901	43
fra_hbs	fra	hbs	0.107958077982059	4862
nld_ell	nld	ell	0.00266209612719714	73
fra_ell	fra	ell	0.176135949237838	4830
sqi_mkd	sqi	mkd	0.0130735708792617	51
hbs_spa	hbs	spa	0.00110960639552663	254
deu_isl	deu	isl	0.0486644151059257	317
rus_chm	rus	chm	0.921348314606742	82
ita_pol	ita	pol	0.0413842544316997	3175
mkd_bul	mkd	bul	0.00178696293994251	46
glg_cat	glg	cat	0.0106642968229282	192
ces_rus	ces	rus	0.0108128352582999	895
ukr_rus	ukr	rus	0.0132291112936742	1095
lav_rus	lav	rus	0.00651186391533369	539
por_ron	por	ron	0.00579506065857886	107
slv_deu	slv	deu	0.00162944503019266	476
mar_hin	mar	hin	0.0365088419851683	128
kaa_rus	kaa	rus	0.00114773111680278	95
nor_ron	nor	ron	0.00178726169844021	33
deu_cat	deu	cat	0.0954787824927794	1719
fra_ukr	fra	ukr	0.0354452813469207	160
ara_hbs	ara	hbs	0.00544009237054801	245
urd_eng	urd	eng	0.00211902060234869	310
deu_fin	deu	fin	0.0711892978323356	3294
por_slv	por	slv	0.00261766119985042	49
ell_sqi	ell	sqi	0.0165754032854817	112
ell_cat	ell	cat	0.00238835814263497	43
orv_rus	orv	rus	0.00124438215821775	103
hun_pol	hun	pol	0.00450990615224192	346
swe_kur	swe	kur	0.512437810945274	103
heb_eng	heb	eng	0.0193514429846747	2831
ara_sqi	ara	sqi	0.0380346307532929	257
jpn_ita	jpn	ita	0.00514791910412836	308
deu_ces	deu	ces	0.270972347226964	17462
cat_glg	cat	glg	0.0906790383804302	215
jpn_por	jpn	por	0.00131154561635952	98
nld_eng	nld	eng	0.0195154961925985	2855
bul_hbs	bul	hbs	0.00153210764721556	69
bul_pol	bul	pol	0.00143378519290928	110
rus_mal	rus	mal	0.158069883527454	190
isl_dan	isl	dan	0.00347227580672541	225
ara_deu	ara	deu	0.00378264024866153	1105
deu_ara	deu	ara	0.0434817424727739	543
nor_ell	nor	ell	0.00189628765225002	52
eng_mri	eng	mri	0.971786833855799	310
spa_ast	spa	ast	0.227979274611399	44
zho_bod	zho	bod	0.88953488372093	306
eng_por	eng	por	0.626677908486236	46826
fra_bul	fra	bul	0.0930386139383109	2395
eng_nor	eng	nor	0.650893887594452	29891
dan_fao	dan	fao	0.168674698795181	70
swe_heb	swe	heb	0.00501779034759602	55
ron_ita	ron	ita	0.00122012368377068	73
eng_ell	eng	ell	0.605316898840347	16599
spa_kor	spa	kor	0.00675978153818605	151
bul_fra	bul	fra	0.00117418635176107	280
ara_dan	ara	dan	0.00155866602879674	101
mal_tam	mal	tam	0.0402722631877482	71
swe_pol	swe	pol	0.0127867570385819	981
eng_mya	eng	mya	0.821167883211679	225
fra_cat	fra	cat	0.180071095312153	3242
grc_ita	grc	ita	0.0146247701821829	875
san_ori	san	ori	0.0997340425531915	75
glg_spa	glg	spa	0.00343803241448604	787
eng_pan	eng	pan	0.317708333333333	122
dan_fas	dan	fas	0.00547268073086768	62
eng_mkd	eng	mkd	0.388874647526275	1517
arc_eng	arc	eng	0.00113470135480608	166
eng_gla	eng	gla	0.898678414096916	204
vie_eng	vie	eng	0.00104583920051403	153
pol_lit	pol	lit	0.0240176085971386	371
heb_pol	heb	pol	0.00269812304483837	207
heb_ell	heb	ell	0.0012763474582452	35
nor_jpn	nor	jpn	0.00103137677339506	135
nor_por	nor	por	0.00169965605385367	127
pol_jpn	pol	jpn	0.00110777505290581	145
fin_ces	fin	ces	0.00152074733869216	98
fin_bul	fin	bul	0.00174811591950897	45
mkd_tur	mkd	tur	0.016759306046825	199
bul_tur	bul	tur	0.00353713996968166	42
ell_hbs	ell	hbs	0.00457411848299139	206
fra_mlg	fra	mlg	0.25	51
nor_rus	nor	rus	0.00281496158121104	233
rus_guj	rus	guj	0.225190839694656	118
san_mal	san	mal	0.0848585690515807	102
rus_jpn	rus	jpn	0.0151344991710787	1981
grc_cat	grc	cat	0.0115529882248389	208
ukr_ron	ukr	ron	0.00222053726169844	41
hbs_swe	hbs	swe	0.00156232563329985	112
deu_ron	deu	ron	0.0847053726169844	1564
zho_hbs	zho	hbs	0.00204281019628741	92
pol_lav	pol	lav	0.00773480662983425	63
eng_ton	eng	ton	0.470588235294118	40
tur_rus	tur	rus	0.00193302082829942	160
dan_pol	dan	pol	0.00394942648592284	303
lit_est	lit	est	0.0022324678476098	46
eng_est	eng	est	0.570298471244843	11751
nor_hun	nor	hun	0.00272781829093091	150
eng_chp	eng	chp	0.878048780487805	108
zho_tiz	zho	tiz	0.986206896551724	143
swe_slv	swe	slv	0.00742561034243282	139
deu_tur	deu	tur	0.0943237325248442	1120
ben_mal	ben	mal	0.0765391014975042	92
heb_spa	heb	spa	0.00314097243458128	719
zho_ces	zho	ces	0.00172247912851867	111
deu_zho	deu	zho	0.0630806065442937	3952
ell_ron	ell	ron	0.00942374350086655	174
por_fas	por	fas	0.00379556889398888	43
slk_rus	slk	rus	0.00333446092881651	276
grc_eus	grc	eus	0.00841192964567933	33
ces_slv	ces	slv	0.007105080399594	133
grc_mol	grc	mol	0.0123655913978495	46
fas_rus	fas	rus	0.00254917121731987	211
hun_deu	hun	deu	0.00956100833892457	2793
eng_kor	eng	kor	0.765959351777241	17110
grc_slv	grc	slv	0.0059832255996581	112
rus_kan	rus	kan	0.217142857142857	152
nld_jpn	nld	jpn	0.0032698463630599	428
grc_spa	grc	spa	0.0109300598488489	2502
mkd_eng	mkd	eng	0.00165420317989801	242
jpn_hun	jpn	hun	0.00234592373020059	129
nld_zho	nld	zho	0.00154828411811652	97
rus_epo	rus	epo	0.0682656826568266	37
fra_eng	fra	eng	0.193541772048068	28314
fra_dan	fra	dan	0.0552940631799873	3583
jpn_nor	jpn	nor	0.00566165102454108	260
san_hbs	san	hbs	0.00117683630873079	53
spa_zho	spa	zho	0.00659217877094972	413
ita_ukr	ita	ukr	0.00841825431989366	38
rus_vie	rus	vie	0.684478371501272	538
dan_spa	dan	spa	0.00512865318247346	1174
nld_ron	nld	ron	0.002328856152513	43
cat_eus	cat	eus	0.0797858781544736	313
bul_hun	bul	hun	0.00174580370619578	96
por_fra	por	fra	0.00662157231939546	1579
fas_tur	fas	tur	0.0145696479703554	173
eng_asm	eng	asm	0.355513307984791	187
fra_ron	fra	ron	0.229636048526863	4240
ara_urd	ara	urd	0.235820895522388	237
ces_fra	ces	fra	0.00370288053073223	883
san_asm	san	asm	0.0722433460076046	38
hbs_hun	hbs	hun	0.0141664696575679	779
por_deu	por	deu	0.00451178266763429	1318
fin_hun	fin	hun	0.00303697103056975	167
rus_nep	rus	nep	0.65	91
eng_fas	eng	fas	0.705004854797423	7987
jpn_eng	jpn	eng	0.023760372947626	3476
pol_zho	pol	zho	0.00121308858739026	76
san_tel	san	tel	0.127245508982036	85
grc_bul	grc	bul	0.00539973584026105	139
rus_deu	rus	deu	0.03695006230231	10794
slv_hbs	slv	hbs	0.0156763478106404	706
zho_kac	zho	kac	0.96969696969697	64
ron_slk	ron	slk	0.00208747008808105	41
eng_lat	eng	lat	0.154696132596685	56
dan_rus	dan	rus	0.00640313149374185	530
est_lit	est	lit	0.00427267430569042	66
eng_kat	eng	kat	0.0762867647058824	166
por_spa	por	spa	0.0117338692062383	2686
rus_tur	rus	tur	0.0570153276065353	677
eng_tir	eng	tir	0.405405405405405	30
lat_ron	lat	ron	0.0087738301559792	162
rus_inh	rus	inh	0.944444444444444	51
ara_uzb	ara	uzb	0.0123322451940515	34
fra_mol	fra	mol	0.0755376344086021	281
pol_bel	pol	bel	0.0693703308431163	130
yid_pol	yid	pol	0.00155109489051095	119
ara_ita	ara	ita	0.00280795587497911	168
yid_heb	yid	heb	0.010035580695192	110
hin_ben	hin	ben	0.0399361022364217	75
ara_fin	ara	fin	0.00123187309545936	57
nor_cat	nor	cat	0.00305487669406798	55
nld_pol	nld	pol	0.0037148070907195	285
fas_ara	fas	ara	0.0134529147982063	168
fra_lav	fra	lav	0.0511970534069982	417
spa_heb	spa	heb	0.0166043244229541	182
fra_pol	fra	pol	0.0839416058394161	6440
grc_nor	grc	nor	0.00174204646908956	80
ukr_mol	ukr	mol	0.0266129032258065	99
rus_fas	rus	fas	0.0654073616382735	741
ces_heb	ces	heb	0.00364930207097893	40
nld_ces	nld	ces	0.00603643586480867	389
nor_fin	nor	fin	0.0172678351451233	799
zho_deu	zho	deu	0.00396749325628843	1159
hbs_tur	hbs	tur	0.00555836280949975	66
hun_eng	hun	eng	0.0217507211505598	3182
nor_hbs	nor	hbs	0.00395239364064304	178
eng_urd	eng	urd	0.32636815920398	328
deu_lit	deu	lit	0.138538227487538	2140
por_bul	por	bul	0.00442856032942273	114
fra_jpn	fra	jpn	0.0755808179199804	9893
rus_sqi	rus	sqi	0.0486902471511026	329
heb_ita	heb	ita	0.00429550392779542	257
dan_kal	dan	kal	0.709480122324159	232
dan_hbs	dan	hbs	0.00501820765609734	226
heb_cat	heb	cat	0.00266607420573206	48
bod_eng	bod	eng	0.00291194444064692	426
deu_por	deu	por	0.060183884048661	4497
lat_slk	lat	slk	0.00946998625324576	186
pol_est	pol	est	0.00524144625090997	108
uzb_kaa	uzb	kaa	0.0933098591549296	53
rus_krc	rus	krc	0.864077669902913	89
nld_dan	nld	dan	0.0125001929042115	810
fra_mal	fra	mal	0.0282861896838602	34
nld_est	nld	est	0.00378548895899054	78
fra_deu	fra	deu	0.110665333899303	32328
kat_rus	kat	rus	0.00804619919779636	666
ben_ori	ben	ori	0.259308510638298	195
fra_swe	fra	swe	0.0488505747126437	3502
eus_cat	eus	cat	0.0064985558764719	117
nld_deu	nld	deu	0.0213539455847517	6238
heb_ara	heb	ara	0.00344330557335042	43
grc_rus	grc	rus	0.00706760740346977	585
rus_bel	rus	bel	0.647278548559232	1213
fas_swe	fas	swe	0.00121359223300971	87
hbs_fra	hbs	fra	0.00410126518579402	978
ita_sqi	ita	sqi	0.078141186917271	528
fas_deu	fas	deu	0.00113308047267599	331
slv_ces	slv	ces	0.00147419384873219	95
eng_slk	eng	slk	0.33531897561224	6586
fra_fas	fra	fas	0.0617883308323771	700
fra_zho	fra	zho	0.0636233040702315	3986
rus_swe	rus	swe	0.0131960718669791	946
swe_lav	swe	lav	0.0190300798035605	155
jpn_dan	jpn	dan	0.00864210867451658	560
grc_slk	grc	slk	0.00442950969909882	87
jpn_fas	jpn	fas	0.00273634036543384	31
swe_rus	swe	rus	0.00707968878364664	586
eng_lav	eng	lav	0.474033149171271	3861
san_rus	san	rus	0.00167931184458513	139
grc_fin	grc	fin	0.00590002377298956	273
swe_tur	swe	tur	0.00547414519117399	65
eng_hye	eng	hye	0.0532959326788219	114
fra_rus	fra	rus	0.0955999613395834	7913
swe_fra	swe	fra	0.00560254630697425	1336
ces_lit	ces	lit	0.00589111154269437	91
deu_hye	deu	hye	0.0266479663394109	57
rus_zho	rus	zho	0.0425379090183559	2665
msa_eng	msa	eng	0.00131242566339016	192
rus_kir	rus	kir	0.827225130890052	1264
hin_pan	hin	pan	0.0833333333333333	32
tuk_rus	tuk	rus	0.00312907746580969	259
fra_por	fra	por	0.152768298068816	11415
grc_sqi	grc	sqi	0.0122835577919195	83
grc_tur	grc	tur	0.00917972039750716	109
por_zho	por	zho	0.00105347166799681	66
ara_swe	ara	swe	0.00175761633746234	126
est_eng	est	eng	0.011661448863248	1706
dan_jpn	dan	jpn	0.00205511371883905	269
ara_bul	ara	bul	0.00271929143034729	70
kaz_uig	kaz	uig	0.0208333333333333	31
dan_kor	dan	kor	0.0013430029546065	30
fra_lat	fra	lat	0.124309392265193	45
ces_hbs	ces	hbs	0.00512922994937383	231
lat_fra	lat	fra	0.0117083153361318	2792
spa_tur	spa	tur	0.0220650160013475	262
dan_ita	dan	ita	0.00294166805950192	176
hun_heb	hun	heb	0.00364930207097893	40
por_swe	por	swe	0.00276196853029796	198
rus_ron	rus	ron	0.0497183708838821	918
fro_eng	fro	eng	0.00105951030117435	155
fra_ara	fra	ara	0.16599935938501	2073
nld_nor	nld	nor	0.00762145330226684	350
bua_rus	bua	rus	0.00134103319963273	111
swe_hbs	swe	hbs	0.00488498090416556	220
sah_rus	sah	rus	0.00164306770405451	136
bod_fra	bod	fra	0.00119934748787024	286
cat_deu	cat	deu	0.00115704289959058	338
dan_fra	dan	fra	0.00428997370661277	1023
eng_rus	eng	rus	0.497112550137728	41147
fra_hye	fra	hye	0.0359981299672744	77
tur_nld	tur	nld	0.00108645877293012	121
est_rus	est	rus	0.0278596626878655	2306
kor_zho	kor	zho	0.0222505985634477	1394
swe_hun	swe	hun	0.00594664387422939	327
pol_fra	pol	fra	0.00486029279175386	1159
tel_tam	tel	tam	0.0368689733408962	65
slv_mkd	slv	mkd	0.0151243270956165	59
rus_ady	rus	ady	0.92	46
slk_ukr	slk	ukr	0.0188303057155516	85
nor_slk	nor	slk	0.00173107275596966	34
heb_fin	heb	fin	0.00412785546022347	191
aze_rus	aze	rus	0.00525540037693906	435
rus_chv	rus	chv	0.82183908045977	143
hbs_deu	hbs	deu	0.00470348208295108	1374
ara_nld	ara	nld	0.00268472043889343	299
dan_est	dan	est	0.00791070128609561	163
eng_tel	eng	tel	0.267964071856287	179
san_eng	san	eng	0.00812746934255677	1189
eng_fin	eng	fin	0.609344946078537	28195
rus_ben	rus	ben	0.223109691160809	419
por_rus	por	rus	0.0024525201759049	203
deu_ita	deu	ita	0.130285809794418	7795
rus_bul	rus	bul	0.152163779038148	3917
hin_mal	hin	mal	0.0440931780366057	53
ces_slk	ces	slk	0.19199633419887	3771
aze_fas	aze	fas	0.00264807132138759	30
nld_spa	nld	spa	0.00432484382508409	990
bod_zho	bod	zho	0.00130885873902634	82
hun_fin	hun	fin	0.00220440448661148	102
ell_fra	ell	fra	0.00251192008823172	599
rus_tab	rus	tab	0.918032786885246	56
spa_slv	spa	slv	0.0172551952561568	323
fin_nor	fin	nor	0.00387605339372428	178
deu_msa	deu	msa	0.0252954209748892	137
swe_spa	swe	spa	0.00377877768555327	865
lat_est	lat	est	0.00174714875030332	36
deu_jpn	deu	jpn	0.0673603630446242	8817
hun_ita	hun	ita	0.00309209426709009	185
ita_cat	ita	cat	0.054099089091313	974
ara_ell	ara	ell	0.00182335351177886	50
hbs_slv	hbs	slv	0.0354719803408302	664
lav_est	lav	est	0.00427080805629701	88
deu_roh	deu	roh	0.785211267605634	223
pol_ron	pol	ron	0.00823223570190641	152
rus_khm	rus	khm	0.883116883116883	204
swe_isl	swe	isl	0.0893460239484188	582
eng_cre	eng	cre	0.727272727272727	48
ell_spa	ell	spa	0.00113144904110786	259
san_ben	san	ben	0.0905218317358892	170
slv_slk	slv	slk	0.00218929789725574	43
hun_ukr	hun	ukr	0.012184315463004	55
ell_tur	ell	tur	0.00640053899275729	76
hye_eng	hye	eng	0.00118255020711718	173
eus_spa	eus	spa	0.00270848805207287	620
deu_hun	deu	hun	0.185618941970212	10207
est_fin	est	fin	0.00851505262475417	394
ara_pol	ara	pol	0.00109489051094891	84
eng_tha	eng	tha	0.880195599022005	1080
spa_sqi	spa	sqi	0.0205712594346604	139
eng_hun	eng	hun	0.508974522177163	27988
rus_uzb	rus	uzb	0.804134929270947	2217
eng_smo	eng	smo	0.638297872340426	90
fas_bul	fas	bul	0.00147618677647424	38
rus_kat	rus	kat	0.604779411764706	1316
mkd_sqi	mkd	sqi	0.0899807606926151	608
hun_fra	hun	fra	0.00331288292104016	790
jpn_swe	jpn	swe	0.00813246289476621	583
ara_eng	ara	eng	0.0110804270851846	1621
fin_lav	fin	lav	0.00662983425414365	54
eng_deu	eng	deu	0.627572537689474	183329
rus_fra	rus	fra	0.0255511337188579	6093
nor_sqi	nor	sqi	0.00636377090424745	43
swe_fin	swe	fin	0.120896457824555	5594
hun_ron	hun	ron	0.0111026863084922	205
ces_fin	ces	fin	0.00222601629530375	103
isl_eng	isl	eng	0.0013534389653711	198
ces_ita	ces	ita	0.00314223633628614	188
eng_cat	eng	cat	0.353810264385692	6370
rus_spa	rus	spa	0.0254685247477174	5830
kat_aze	kat	aze	0.0241254523522316	40
nor_sme	nor	sme	0.38150289017341	66
eng_afr	eng	afr	0.95360824742268	740
spa_ces	spa	ces	0.0131901554886565	850
pol_kat	pol	kat	0.0170036764705882	37
oci_fra	oci	fra	0.0017612795276416	420
ron_fra	ron	fra	0.00393771780108444	939
hbs_rus	hbs	rus	0.00514666795534722	426
rus_ukr	rus	ukr	0.471200708905627	2127
lat_sqi	lat	sqi	0.00562379754328844	38
eng_fil	eng	fil	0.766666666666667	115
dan_lit	dan	lit	0.0105522107852657	163
ben_eng	ben	eng	0.0033289130107865	487
dan_slv	dan	slv	0.00341898605694749	64
hin_mar	hin	mar	0.082004555808656	72
deu_bul	deu	bul	0.0920674384274726	2370
nor_swe	nor	swe	0.0418619573708292	3001
isl_nor	isl	nor	0.00263484528449796	121
ita_fra	ita	fra	0.0486867983712358	11610
fra_kaz	fra	kaz	0.0158924205378973	39
spa_glg	spa	glg	0.347110923660903	823
est_lav	est	lav	0.0116635972989564	95
ukr_bul	ukr	bul	0.00279698547121436	72
grc_kor	grc	kor	0.00228310502283105	51
pol_hun	pol	hun	0.00991107312371565	545
hun_lit	hun	lit	0.00427267430569042	66
zho_fra	zho	fra	0.00618544596016992	1475
san_hin	san	hin	0.144894466628637	508
slk_hun	slk	hun	0.0200767426212515	1104
lat_deu	lat	deu	0.01251523325711	3656
eng_aze	eng	aze	0.0404101326899879	67
nor_spa	nor	spa	0.00138482372985016	317
hin_eng	hin	eng	0.00246763366918671	361
ces_pol	ces	pol	0.0102711157455683	788
hun_hbs	hun	hbs	0.00917044142463807	413
zho_ita	zho	ita	0.00267424369045629	160
eng_kan	eng	kan	0.297142857142857	208
rus_tel	rus	tel	0.284431137724551	190
grc_est	grc	est	0.00150448920165008	31
nld_msa	nld	msa	0.0299113737075332	162
rus_nor	rus	nor	0.0117152625046273	538
spa_nor	spa	nor	0.00969013348431069	445
rus_hun	rus	hun	0.0459728309298223	2528
deu_mkd	deu	mkd	0.0699820558831069	273
dan_slk	dan	slk	0.00280026475230385	55
nld_heb	nld	heb	0.00520025545114497	57
rus_cat	rus	cat	0.00883137080648745	159
cat_ita	cat	ita	0.00155440414507772	93
deu_heb	deu	heb	0.0471672292674026	517
tgk_uzb	tgk	uzb	0.0221254987305042	61
spa_nld	spa	nld	0.0132709592263695	1478
heb_est	heb	est	0.00213540402814851	44
bel_ukr	bel	ukr	0.0163934426229508	74
eng_rar	eng	rar	0.423076923076923	33
rus_pus	rus	pus	0.919298245614035	262
rus_bua	rus	bua	0.893617021276596	42
heb_dan	heb	dan	0.00125001929042115	81
jpn_tha	jpn	tha	0.0268948655256724	33
fra_ita	fra	ita	0.183553401303694	10982
rus_mol	rus	mol	0.586827956989247	2183
pol_bul	pol	bul	0.0120037293139616	309
eng_swe	eng	swe	0.682010936279433	48892
nld_ita	nld	ita	0.00421193381246866	252
zho_nld	zho	nld	0.00232556051395785	259
zho_jpn	zho	jpn	0.0139808851504664	1830
fra_eus	fra	eus	0.136120316084629	534
grc_mkd	grc	mkd	0.0148679825685722	58
nld_slk	nld	slk	0.00162924494679497	32
eng_mal	eng	mal	0.376871880199667	453
pol_slk	pol	slk	0.0246423298202739	484
nld_isl	nld	isl	0.00997850782929076	65
lat_fin	lat	fin	0.00371723109507035	172
rus_alt	rus	alt	0.92	46
swe_epo	swe	epo	0.0848708487084871	46
hin_urd	hin	urd	0.0318407960199005	32
rus_tuk	rus	tuk	0.781376518218624	579
eng_isl	eng	isl	0.562480810561867	3664
ita_spa	ita	spa	0.0545935083657333	12497
slk_pol	slk	pol	0.00436652763295099	335
xal_rus	xal	rus	0.00164306770405451	136
fra_glg	fra	glg	0.13580767608604	322
eng_eus	eng	eus	0.236043843996941	926
ces_spa	ces	spa	0.00193962692761347	444
ces_nld	ces	nld	0.00281042641262088	313
hbs_pol	hbs	pol	0.0037148070907195	285
zho_bul	zho	bul	0.00260275036904669	67
fra_mon	fra	mon	0.0210482872472142	51
dan_eng	dan	eng	0.0290715955541581	4253
heb_por	heb	por	0.00104388324567391	78
hun_swe	hun	swe	0.00111594688092847	80
kan_hin	kan	hin	0.0182544209925841	64
deu_kor	deu	kor	0.0747604978064285	1670
ben_tam	ben	tam	0.0317640385706183	56
swe_nld	swe	nld	0.0108645877293012	1210
eng_ben	eng	ben	0.366347177848775	688
hun_slv	hun	slv	0.00283134782840964	53
rus_asm	rus	asm	0.188212927756654	99
yid_ukr	yid	ukr	0.00686752326096588	31
fra_kat	fra	kat	0.0390625	85
ita_heb	ita	heb	0.0130462549037497	143
rus_lav	rus	lav	0.205279312461633	1672
rus_slv	rus	slv	0.0118596078850366	222
jpn_tur	jpn	tur	0.00261074616809837	31
nor_isl	nor	isl	0.0704636168252993	459
deu_bel	deu	bel	0.0314834578441836	59
ukr_bel	ukr	bel	0.0224119530416222	42
kom_rus	kom	rus	0.00106316145556468	88
ara_rus	ara	rus	0.00533997003817716	442
ita_fas	ita	fas	0.00847382822844029	96
cym_bre	cym	bre	0.0935960591133005	38
mal_hin	mal	hin	0.0105533371363377	37
ces_dan	ces	dan	0.00186731276717233	121
fas_aze	fas	aze	0.0289505428226779	48
eng_ori	eng	ori	0.214095744680851	161
san_mar	san	mar	0.11503416856492	101
grc_por	grc	por	0.00392125373054429	293
fin_rus	fin	rus	0.00496544725269415	411
swe_deu	swe	deu	0.0171810600977667	5019
rus_mlg	rus	mlg	0.436274509803922	89
est_ukr	est	ukr	0.00686752326096588	31
ben_hin	ben	hin	0.139760410724472	490
est_bul	est	bul	0.00151503379690778	39
ita_slv	ita	slv	0.0542764036540413	1016
hun_slk	hun	slk	0.0185835751743801	365
rus_est	rus	est	0.100072797864596	2062
fra_bel	fra	bel	0.0240128068303095	45
nld_lit	nld	lit	0.00304266200556742	47
ces_bul	ces	bul	0.010721777639655	276
ces_deu	ces	deu	0.0102730347386726	3001
heb_swe	heb	swe	0.00253877915411226	182
fra_vie	fra	vie	0.0381679389312977	30
fra_lit	fra	lit	0.0809218618501975	1250
ces_swe	ces	swe	0.00290146189041402	208
rus_ell	rus	ell	0.0200933556998031	551
san_deu	san	deu	0.00131793348030289	385
hbs_ron	hbs	ron	0.0194432409012132	359
lat_ell	lat	ell	0.00280796440813945	77
fra_slk	fra	slk	0.0667481289140064	1311
dan_zho	dan	zho	0.00419792498004789	263
por_pol	por	pol	0.00192909280500521	148
rus_sin	rus	sin	0.299552906110283	201
swe_fao	swe	fao	0.224096385542169	93
lat_lit	lat	lit	0.00679743639541659	105
grc_zho	grc	zho	0.00359138068635275	225
jpn_bul	jpn	bul	0.00376816098205268	97
rus_mon	rus	mon	0.203466776723071	493
pol_deu	pol	deu	0.0100402568772165	2933
deu_dan	deu	dan	0.0739517585147919	4792
fra_ben	fra	ben	0.0383386581469649	72
deu_mol	deu	mol	0.0268817204301075	100
lat_eng	lat	eng	0.0174716666438815	2556
nor_nld	nor	nld	0.00456133104668181	508
grc_deu	grc	deu	0.00934192329284824	2729
rus_tam	rus	tam	0.233125354509359	411
grc_nld	grc	nld	0.0040674861498954	453
ori_hin	ori	hin	0.0233884768967484	82
nor_fra	nor	fra	0.00239030793037075	570
fra_bre	fra	bre	0.554187192118227	225
eng_cym	eng	cym	0.955882352941177	2210
jpn_slv	jpn	slv	0.00181633634275335	34
ell_bul	ell	bul	0.00516665371765986	133
eng_tam	eng	tam	0.385138967668746	679
jpn_msa	jpn	msa	0.00572378138847858	31
zho_ell	zho	ell	0.00171395230107213	47
urd_ara	urd	ara	0.00304292120435618	38
hbs_ukr	hbs	ukr	0.0420912715994683	190
dan_fin	dan	fin	0.0162088565192021	750
eng_mar	eng	mar	0.400911161731207	352
eng_fri	eng	fri	0.26271186440678	31
deu_fas	deu	fas	0.0383087651160738	434
fin_dan	fin	dan	0.00285498232997423	185
uzb_rus	uzb	rus	0.00625815493161939	518
eng_sin	eng	sin	0.450074515648286	302
sqi_hbs	sqi	hbs	0.00137667643662847	62
ita_rus	ita	rus	0.0126492050451844	1047
zho_zha	zho	zha	1	101
tam_mal	tam	mal	0.0399334442595674	48
rus_amh	rus	amh	0.851735015772871	270
nor_ita	nor	ita	0.00165468828346983	99
eng_bel	eng	bel	0.0522945570971185	98
oss_rus	oss	rus	0.00164306770405451	136
eng_tkl	eng	tkl	0.558823529411765	57
abk_rus	abk	rus	0.00128062629874837	106
mol_eng	mol	eng	0.00447728546625289	655
grc_jpn	grc	jpn	0.00175716042874714	230
isl_fin	isl	fin	0.00164249746061248	76
mol_rus	mol	rus	0.0225800995505727	1869
lat_rus	lat	rus	0.00298410090368724	247
ara_nor	ara	nor	0.00180737321168042	83
kor_eng	kor	eng	0.00177040753551068	259
rus_swa	rus	swa	0.873065015479876	282
fra_sqi	fra	sqi	0.115287849637413	779
deu_ben	deu	ben	0.0383386581469649	72
kir_rus	kir	rus	0.00442178514473493	366
spa_ita	spa	ita	0.0448604379074043	2684
por_nld	por	nld	0.00278348941825071	310
rus_myv	rus	myv	0.9375	30
bul_ukr	bul	ukr	0.0179441736818786	81
spa_lit	spa	lit	0.015148572538357	234
ces_est	ces	est	0.00446493569521961	92
hun_rus	hun	rus	0.0114893925482047	951
hun_est	hun	est	0.00451346760495025	93
grc_ces	grc	ces	0.00265354892771795	171
tat_rus	tat	rus	0.00421640168172812	349
ita_por	ita	por	0.0426252325316845	3185
san_kan	san	kan	0.162857142857143	114
rus_xal	rus	xal	0.785714285714286	33
ukr_pol	ukr	pol	0.00228102189781022	175
slk_hbs	slk	hbs	0.00204281019628741	92
zho_lis	zho	lis	1	78
fra_tur	fra	tur	0.16085565100219	1910
lit_lav	lit	lav	0.0100675260896255	82
aze_hye	aze	hye	0.0163627863487611	35
hun_bul	hun	bul	0.00761401600497242	196
heb_deu	heb	deu	0.00721269050129397	2107
deu_uzb	deu	uzb	0.0159593761334784	44
rus_lao	rus	lao	0.913793103448276	212
lit_eng	lit	eng	0.00279574008503425	409
rus_dan	rus	dan	0.00984583095418139	638
hun_ces	hun	ces	0.00439154588622327	283
fra_cym	fra	cym	0.0134083044982699	31
zho_kor	zho	kor	0.0289193302891933	646
hun_epo	hun	epo	0.0682656826568266	37
eng_uzb	eng	uzb	0.0192237939789626	53
por_tur	por	tur	0.00311605187805289	37
heb_ces	heb	ces	0.00161385431861209	104
fra_fin	fra	fin	0.056061031747747	2594
yid_eng	yid	eng	0.00262485132678032	384
heb_hun	heb	hun	0.00276418920147666	152
deu_mon	deu	mon	0.0160957490713991	39
lit_rus	lit	rus	0.0072246653457691	598
tur_ara	tur	ara	0.00776745675848815	97
rus_kaz	rus	kaz	0.620619396903015	1523
deu_mal	deu	mal	0.0374376039933444	45
dan_ell	dan	ell	0.00269856319743272	74
san_tam	san	tam	0.0828133862733976	146
nld_hun	nld	hun	0.0058739020531379	323
swe_zho	swe	zho	0.00288906624102155	181
eng_ron	eng	ron	0.440316291161178	8130
heb_nld	heb	nld	0.00290919539197816	324
rus_fin	rus	fin	0.0261070649002615	1208
bul_deu	bul	deu	0.00127000862647369	371
ita_swe	ita	swe	0.00889967637540453	638
eng_tur	eng	tur	0.455196227050699	5405
eng_sqi	eng	sqi	0.300281189877164	2029
jpn_spa	jpn	spa	0.00522039229391464	1195
slk_ron	slk	ron	0.00200389948006932	37
ita_slk	ita	slk	0.0302428593248816	594
sqi_ita	sqi	ita	0.00120340966070533	72
sqi_fra	sqi	fra	0.00142579771285273	340
eng_gsw	eng	gsw	0.310344827586207	36
rus_aze	rus	aze	0.704463208685163	1168
bel_bul	bel	bul	0.00182580996037604	47
ron_ell	ron	ell	0.00109401210706732	30
grc_eng	grc	eng	0.0147237754111584	2154
hbs_rom	hbs	rom	0.378048780487805	31
grc_ara	grc	ara	0.00640614990390775	80
nld_cat	nld	cat	0.00560986447456121	101
ita_jpn	ita	jpn	0.0115896190017801	1517
kor_jpn	kor	jpn	0.00949630614318566	1243
hin_tam	hin	tam	0.027793533749291	49
ces_lav	ces	lav	0.00687538367096378	56
zho_spa	zho	spa	0.00213621073784457	489
ukr_hun	ukr	hun	0.00178217461674153	98
tur_hbs	tur	hbs	0.00153210764721556	69
deu_rus	deu	rus	0.0755811143865075	6256
ara_kaz	ara	kaz	0.0187449062754686	46
zho_rus	zho	rus	0.00351568163146958	291
rus_isl	rus	isl	0.00936444580902671	61
ron_eng	ron	eng	0.0106976362666958	1565
kbd_rus	kbd	rus	0.00123230077804088	102
ita_ces	ita	ces	0.0179230936345861	1155
san_ara	san	ara	0.00264253683536195	33
ron_ukr	ron	ukr	0.00863978732831192	39
ita_mol	ita	mol	0.0134408602150538	50
deu_est	deu	est	0.0947828197039554	1953
dan_isl	dan	isl	0.10009210930304	652
ava_rus	ava	rus	0.00163098632387764	135
ara_fas	ara	fas	0.0612587165680996	694
est_slk	est	slk	0.001781986660557	35
spa_jpn	spa	jpn	0.00778498468214496	1019
fin_swe	fin	swe	0.0380258899676375	2726
heb_yid	heb	yid	0.449438202247191	40
deu_aze	deu	aze	0.0180940892641737	30
ita_hun	ita	hun	0.0282420120387714	1553
deu_lav	deu	lav	0.124248004910988	1012
eng_mlg	eng	mlg	0.205882352941176	42
est_swe	est	swe	0.00188316036156679	135
rus_ces	rus	ces	0.0462120977002576	2978
fin_isl	fin	isl	0.00690819772797052	45
pol_ell	pol	ell	0.00131281452848078	36
nld_tur	nld	tur	0.00412666329796193	49
fin_est	fin	est	0.0462023780635768	952
pol_nor	pol	nor	0.00182914879254404	84
dan_deu	dan	deu	0.0099580999849379	2909
zho_nor	zho	nor	0.00121943252836269	56
dan_swe	dan	swe	0.0482926012721794	3462
hbs_sqi	hbs	sqi	0.109368062749741	739
nor_zho	nor	zho	0.00124501197126895	78
eng_spa	eng	spa	0.56006727534839	128205
por_jpn	por	jpn	0.0016502028374321	216
deu_glg	deu	glg	0.0716997047659216	170
ita_kor	ita	kor	0.00998298862924165	223
slv_hun	slv	hun	0.00161850551928568	89
grc_hbs	grc	hbs	0.0110356159516831	497
zho_fin	zho	fin	0.00121026128676709	56
eng_msa	eng	msa	0.677991137370753	3672
nor_ces	nor	ces	0.00170696129853201	110
rus_sah	rus	sah	0.860696517412935	173
deu_ukr	deu	ukr	0.0491803278688525	222
tur_fas	tur	fas	0.00361903080589637	41
rus_kbd	rus	kbd	0.872093023255814	75
swe_ell	swe	ell	0.00342790460214426	94
rus_nog	rus	nog	0.939393939393939	31
lat_zho	lat	zho	0.00119712689545092	75
hbs_slk	hbs	slk	0.0256096940074334	503
jpn_lit	jpn	lit	0.00459636175309122	71
nld_hbs	nld	hbs	0.00426325606181721	192
fra_aze	fra	aze	0.0180940892641737	30
dan_hun	dan	hun	0.00294604375420539	162
ita_ron	ita	ron	0.035907712305026	663
ron_hun	ron	hun	0.0118751022931859	653
bul_slk	bul	slk	0.00554961560002037	109
fin_slk	fin	slk	0.00162924494679497	32
swe_eng	swe	eng	0.0307736475863672	4502
rus_hye	rus	hye	0.728845254791959	1559
bak_rus	bak	rus	0.00346735611076209	287
dan_nor	dan	nor	0.0489297302005531	2247
pol_hbs	pol	hbs	0.00917044142463807	413
ell_eng	ell	eng	0.0114085335010322	1669
rus_hbs	rus	hbs	0.0554667377209344	2498
fra_hin	fra	hin	0.00969766115231033	34
ita_tur	ita	tur	0.0175172646117568	208
slk_bul	slk	bul	0.00275813845078083	71
eng_mol	eng	mol	0.141935483870968	528
ita_eng	ita	eng	0.0383611084528415	5612
mol_ukr	mol	ukr	0.00819672131147541	37
por_slk	por	slk	0.00208747008808105	41
ita_lav	ita	lav	0.0160834868017188	131
hun_spa	hun	spa	0.00129745314752523	297
ita_ell	ita	ell	0.0477353949383707	1309
pol_nld	pol	nld	0.00198435858526906	221
grc_lat	grc	lat	0.207182320441989	75
eng_guj	eng	guj	0.25763358778626	135
krc_rus	krc	rus	0.00142560286087083	118
rus_tat	rus	tat	0.892551892551893	731
rus_ita	rus	ita	0.0246698980444593	1476
rus_kaa	rus	kaa	0.76056338028169	432
deu_nld	deu	nld	0.135214732740121	15059
heb_epo	heb	epo	0.0627306273062731	34
cym_eng	cym	eng	0.00333574856111666	488
rus_oss	rus	oss	0.705882352941177	108
swe_sqi	swe	sqi	0.00562379754328844	38
rus_pan	rus	pan	0.3984375	153
dan_nld	dan	nld	0.00467805802228587	521
ita_lit	ita	lit	0.0290671327765909	449
eng_epo	eng	epo	0.119926199261993	65
ita_mkd	ita	mkd	0.0392207126377852	153
spa_eng	spa	eng	0.0631878272519721	9244
rus_kor	rus	kor	0.0177724057659594	397
pol_fin	pol	fin	0.0017721683127661	82
heb_hbs	heb	hbs	0.00266453503863576	120
slk_slv	slk	slv	0.00160264971419413	30
hbs_ces	hbs	ces	0.00271562024766457	175
hin_guj	hin	guj	0.0801526717557252	42
jpn_hbs	jpn	hbs	0.00286437516653344	129
hun_lav	hun	lav	0.00392879066912216	32
jpn_fin	jpn	fin	0.00590002377298956	273
dan_sqi	dan	sqi	0.00577179221548024	39
spa_eus	spa	eus	0.351006882487892	1377
hbs_nor	hbs	nor	0.0011105546240446	51
heb_rus	heb	rus	0.0026216594983811	217
tur_ron	tur	ron	0.00178726169844021	33
dan_ron	dan	ron	0.00487435008665511	90
eng_hin	eng	hin	0.262977752424415	922
nld_bul	nld	bul	0.00205889208297724	53
deu_lat	deu	lat	0.104972375690608	38
ara_hun	ara	hun	0.00105475640582662	58
lit_ukr	lit	ukr	0.00863978732831192	39
spa_fin	spa	fin	0.0100494910419053	465
ara_cat	ara	cat	0.00455454343479227	82
rus_por	rus	por	0.0178129307691278	1331
chm_rus	chm	rus	0.00117189387715653	97
fas_eng	fas	eng	0.00431323225832912	631
ita_deu	ita	deu	0.0324245868192959	9472
ell_deu	ell	deu	0.00226273774150703	661
deu_ell	deu	ell	0.0737364160163373	2022
por_lit	por	lit	0.00252476208972616	39
eng_dan	eng	dan	0.623003441411133	40370
ita_est	ita	est	0.0155302111138073	320
fra_nor	fra	nor	0.0405896827297868	1864
eng_jpn	eng	jpn	0.769628627963298	100739
eng_slv	eng	slv	0.515946364656232	9658
ukr_slk	ukr	slk	0.00432768188992414	85
por_ces	por	ces	0.00147419384873219	95
abk_kat	abk	kat	0.0174632352941176	38
urd_hin	urd	hin	0.0308043354249857	108
isl_deu	isl	deu	0.00107830921115691	315
ara_fra	ara	fra	0.00874349479793511	2085
nld_fra	nld	fra	0.0138553989507806	3304
ben_mar	ben	mar	0.05125284738041	45
ron_ces	ron	ces	0.00110176592905248	71
spa_slk	spa	slk	0.0159360521358383	313
swe_fas	swe	fas	0.0090034424927178	102
spa_mkd	spa	mkd	0.0248654191233017	97
nor_fao	nor	fao	0.127710843373494	53
eng_heb	eng	heb	0.786424596295958	8620
pol_dan	pol	dan	0.00131174863809627	85
dan_ara	dan	ara	0.00504484304932735	63
glg_eus	glg	eus	0.0221769054295182	87
hin_ori	hin	ori	0.127659574468085	96
hbs_bul	hbs	bul	0.00648745241239997	167
lat_por	lat	por	0.0067852410968804	507
nor_dan	nor	dan	0.0458957699964506	2974
zho_lhu	zho	lhu	1	30
rus_heb	rus	heb	0.0098531155916431	108
mdf_rus	mdf	rus	0.00106316145556468	88
bul_eng	bul	eng	0.00298713549427864	437
swe_slk	swe	slk	0.00733160226057736	144
lat_hbs	lat	hbs	0.00870414779287681	392
ron_hbs	ron	hbs	0.00281996624922284	127
deu_kaz	deu	kaz	0.0199674001629992	49
fra_slv	fra	slv	0.104813291308296	1962
pol_spa	pol	spa	0.00246821895067931	565
ces_zho	ces	zho	0.00169193934557063	106
spa_mol	spa	mol	0.010752688172043	40
rus_ava	rus	ava	0.890625	57
ita_zho	ita	zho	0.0108858739026337	682
rus_eng	rus	eng	0.0846582908389955	12385
ara_tur	ara	tur	0.0763853798214587	907
dan_cat	dan	cat	0.00644301266385248	116
fas_urd	fas	urd	0.063681592039801	64
lat_ita	lat	ita	0.0232659201069697	1392
tam_eng	tam	eng	0.00164736762956786	241
ara_ron	ara	ron	0.00216637781629116	40
eng_vie	eng	vie	0.106870229007634	84
lat_glg	lat	glg	0.018135807676086	43
lav_lit	lav	lit	0.00673269890593643	104
lat_kor	lat	kor	0.0029546065001343	66
eng_lit	eng	lit	0.449990289376578	6951
cat_eng	cat	eng	0.00600161318987792	878
lit_pol	lit	pol	0.00288060479666319	221
lat_slv	lat	slv	0.00384635931406592	72
nld_rus	nld	rus	0.00151017252210893	125
jpn_ron	jpn	ron	0.00471187175043328	87
por_fin	por	fin	0.0018370037388429	85
bul_ell	bul	ell	0.00156808402012982	43
zho_mon	zho	mon	0.605447791993397	1467
nld_swe	nld	swe	0.00783952683852249	562
jpn_kor	jpn	kor	0.00290983973498075	65
eng_uig	eng	uig	0.0678763440860215	101
deu_slk	deu	slk	0.128557609083041	2525
eng_ces	eng	ces	0.499425840290494	32184
rus_che	rus	che	0.929824561403509	53
nld_fin	nld	fin	0.00726156772060254	336
rus_mdf	rus	mdf	0.941176470588235	32
hbs_lit	hbs	lit	0.00213633715284521	33
eng_bul	eng	bul	0.523463600341854	13475
deu_slv	deu	slv	0.187136064960735	3503
eng_fao	eng	fao	0.337349397590361	140
tur_mkd	tur	mkd	0.0107664701358626	42
deu_spa	deu	spa	0.0892228386702197	20424
jpn_ell	jpn	ell	0.0027350302676683	75
eng_kal	eng	kal	0.195718654434251	64
ita_nor	ita	nor	0.00827472072817542	380
por_dan	por	dan	0.00200620379944135	130
spa_rus	spa	rus	0.0102208476296332	846
rus_urd	rus	urd	0.120398009950249	121
bul_ces	bul	ces	0.00246733496787809	159
lat_cat	lat	cat	0.0151077538324817	272
ces_tur	ces	tur	0.00252652854977261	30
spa_lav	spa	lav	0.0105586249232658	86
tur_eng	tur	eng	0.00201648734739634	295
ell_rus	ell	rus	0.00151017252210893	125
yid_rus	yid	rus	0.00198134634900691	164
swe_lit	swe	lit	0.0173496471806823	268
ces_ukr	ces	ukr	0.0161719096145326	73
lat_nor	lat	nor	0.00176382204995318	81
ita_bul	ita	bul	0.015966125398182	411
nor_lav	nor	lav	0.0100675260896255	82
fas_uzb	fas	uzb	0.015233949945593	42
rus_tgk	rus	tgk	0.740112994350282	786
eng_ita	eng	ita	0.504245361858599	30169
rus_lez	rus	lez	0.953125	61
swe_ara	swe	ara	0.0103299167200512	129
por_heb	por	heb	0.00465286014049813	51
bul_mkd	bul	mkd	0.0210202512176365	82
lat_hun	lat	hun	0.00980196039207842	539
zho_slk	zho	slk	0.00157833104220763	31
ron_rus	ron	rus	0.00554535350118398	459
zho_eng	zho	eng	0.0133019809424857	1946
pol_ces	pol	ces	0.0156419726265479	1008
fra_est	fra	est	0.0565882067459355	1166
hun_nld	hun	nld	0.00131093372601485	146
eng_fra	eng	fra	0.628139375919954	149788
jpn_ces	jpn	ces	0.00180006827845194	116
eus_glg	eus	glg	0.0202446225221426	48
dan_som	dan	som	0.343137254901961	35
deu_kat	deu	kat	0.0431985294117647	94
ita_fin	ita	fin	0.0164898100322016	763
nld_slv	nld	slv	0.011485656285058	215
nor_lit	nor	lit	0.00802744869553959	124
pol_swe	pol	swe	0.00273406985827475	196
spa_dan	spa	dan	0.0114507939937345	742
eng_ukr	eng	ukr	0.0996898537882144	450
fra_oci	fra	oci	0.784313725490196	160
ces_ron	ces	ron	0.00503682842287695	93
zho_ron	zho	ron	0.00400779896013865	74
hun_zho	hun	zho	0.00102154828411812	64
hbs_ell	hbs	ell	0.00309970097002407	85
pol_slv	pol	slv	0.00758587531385224	142
