Code	1e-05	1.20679264063933e-05	1.45634847750124e-05	1.75751062485479e-05	2.12095088792019e-05	2.55954792269953e-05	3.08884359647748e-05	3.72759372031494e-05	4.49843266896944e-05	5.42867543932386e-05	6.55128556859551e-05	7.9060432109077e-05	9.54095476349994e-05	0.000115139539932645	0.000138949549437314	0.000167683293681101	0.000202358964772516	0.000244205309454865	0.000294705170255181	0.000355648030622313	0.000429193426012878	0.000517947467923121	0.000625055192527397	0.000754312006335461	0.000910298177991522	0.00109854114198756	0.00132571136559011	0.00159985871960606	0.00193069772888325	0.00232995181051537	0.00281176869797423	0.00339322177189533	0.00409491506238042	0.00494171336132383	0.00596362331659464	0.00719685673001151	0.00868511373751352	0.0104811313415469	0.012648552168553	0.0152641796717523	0.0184206996932671	0.0222299648252619	0.0268269579527972	0.0323745754281764	0.0390693993705461	0.0471486636345739	0.0568986602901829	0.06866488450043	0.0828642772854684	0.1	Lang_Name
afr	0.243537788822137	0.243537788822136	0.243537788822136	0.243537788822137	0.243537788822137	0.243537788822137	0.243537788822137	0.243537788822136	0.243537788822136	0.247111000713531	0.248734903186892	0.251694613595355	0.257861008126422	0.259255107660881	0.260656241131185	0.260656241131184	0.262569486156224	0.267329828391887	0.270475680065918	0.274725304783262	0.281801464581204	0.301965006233609	0.305879865766035	0.307948832495152	0.323851623728679	0.285057282288306	0.288335599470651	0.291099070348508	0.299287590548347	0.24275423618632	0.248284810717826	0.249460052135767	0.270693089761928	0.276927285739177	0.27898784370715	0.281127473377171	0.284892181376236	0.244623683242805	0.250363030509161	0.251090108647135	0.244081238586173	0.225189939622757	0.225512878573349	0.227949679155085	0.220417047184767	0.218606406136456	0.200384032925917	0.16251091398955	0.1644972857544	0.17455363203604	Afrikaans
ara	0.215699762569523	0.215699762569522	0.215699762569522	0.215699762569523	0.215699762569523	0.215699762569523	0.215699762569523	0.215699762569522	0.215699762569522	0.218624451977891	0.219922297816126	0.217774670174313	0.22264587638729	0.223747207029843	0.224853707829087	0.224853707829087	0.225947545817678	0.229691567893893	0.235096174568631	0.238270324973174	0.243786627100768	0.259646095921592	0.26175776988368	0.262984870015173	0.271474704059119	0.277883391105589	0.280946860779832	0.28745626124171	0.281257127361774	0.28318088546698	0.287597580676699	0.292262581285191	0.315786091485046	0.329825265653944	0.272730614742861	0.240815323574133	0.247189783202774	0.25215202341317	0.175470343706727	0.174264905643435	0.156735532402483	0.16782952769152	0.100287062187667	0.103814526825663	0.1061867973376	0.118972606146972	0.124210617327025	0.138176332460836	0.140062813664178	0.149049258144858	Arabic
aze	0.116055469877333	0.116055469877333	0.116055469877333	0.116055469877333	0.116055469877333	0.116055469877333	0.116055469877333	0.116055469877333	0.116055469877333	0.06961470595083	0.0698848536169118	0.0703678206471597	0.0713821048603233	0.0716022021423157	0.0718228294381053	0.0718228294381051	0.0721423900207103	0.0731839963983729	0.0744909460302433	0.0756863568961912	0.0778111129828109	0.0829694684974359	0.0853929932913388	0.0860734144832567	0.0901168961181776	0.0933927838271046	0.0941184147726336	0.0975113791559633	0.100530746718438	0.103834568906676	0.10667148164062	0.106054405033428	0.0849715136679222	0.0847282861392641	0.0854315373264029	0.0861614763990219	0.0922226116689483	0.0944717175699275	0.0951201013447971	0.095337190645397	0.0976026895776144	0.103456054764836	0.106330940948269	0.103814526825663	0.1061867973376	0.118972606146972	0.124210617327024	0.138176332460836	0.140062813664178	0.149049258144858	Azerbaijani
bul	0.114796091407509	0.114796091407509	0.114796091407509	0.114796091407509	0.114796091407509	0.114796091407509	0.114796091407509	0.114796091407509	0.114796091407509	0.115609308873408	0.0685658723038313	0.0690159790511224	0.0699558080508672	0.0701598101764094	0.0703642083908356	0.0703642083908354	0.070669976383287	0.0713121280070014	0.0729401536953643	0.0740696726996494	0.0706612624548828	0.0740846360282247	0.0767270851421169	0.0779087397077331	0.0804323354836365	0.0831106235125093	0.0826906378739754	0.0838097011726478	0.0862027976131527	0.0756060493035022	0.0698090367459301	0.0711208247247664	0.0755069537491443	0.0799486412212012	0.0799557896586553	0.0825918232642154	0.0878216959518859	0.0891934019571065	0.0913797154379038	0.0915913607622578	0.0929564740794525	0.0981443363462047	0.101326179179657	0.104967516590875	0.107325733484466	0.119118911860391	0.124382339589766	0.138431074140252	0.140330617619541	0.149385901335051	Bulgarian
cat	0.283945536450419	0.283945536450418	0.283945536450418	0.283945536450419	0.283945536450419	0.283945536450419	0.283945536450419	0.283945536450419	0.283945536450419	0.288132329073544	0.290185550650316	0.293932232008415	0.301269481550461	0.303030938455943	0.304801740284784	0.304801740284783	0.30720616756674	0.3107283073793	0.315427193339987	0.318717656176659	0.321790866348465	0.340281916576081	0.338004088633805	0.33776468830881	0.35010842412065	0.216966450187705	0.21995106470132	0.221442945489552	0.227618506176623	0.232403631998533	0.234813067168774	0.235283631780025	0.254789519592531	0.271387766778263	0.273284334481994	0.281687800816779	0.291706690725648	0.30358759598857	0.255174537986399	0.255661662400578	0.259859244206419	0.284107578252882	0.279656578151425	0.276791451859174	0.283899903869363	0.213543002200309	0.165776841451734	0.170145361041097	0.171896627683246	0.180560113500553	Catalan
ces	0.336850512504975	0.336850512504975	0.336850512504975	0.336850512504975	0.336850512504975	0.336850512504975	0.336850512504975	0.336850512504975	0.336850512504975	0.342063073346809	0.344588738913957	0.349189422394156	0.358263542692947	0.360422912511775	0.362593810789547	0.362593810789546	0.36556411766903	0.365733892412221	0.372056945992219	0.376881506202247	0.382164300451667	0.407343798907178	0.407875512749996	0.408925382422393	0.426899455802047	0.434428047086044	0.440311677364568	0.410688649948576	0.360457373751999	0.370955340072637	0.326220378373101	0.245558219556126	0.267516446752988	0.286565819613794	0.288782893985372	0.296098469866108	0.30260348232202	0.311212043764404	0.321364662619652	0.322165504132528	0.328424355742444	0.347898610256821	0.345386829615784	0.345217907585979	0.313899461863961	0.28191478379053	0.278000537889782	0.285591554132831	0.284295985565612	0.283669414261469	Czech
cym	0.0933131876088384	0.0933131876088383	0.0933131876088384	0.0933131876088385	0.0933131876088385	0.0933131876088385	0.0933131876088384	0.0933131876088383	0.0933131876088383	0.0937347675948268	0.0939040883278643	0.0470994472757538	0.0474050624879795	0.0474680665846712	0.0475307986353053	0.0475307986353051	0.0476307307138284	0.0480142362603462	0.0486940161303528	0.0492111079595824	0.0501303518283122	0.0521359759329806	0.0536744401661667	0.0543089002548627	0.0558452486139106	0.0572965000712908	0.0574858765795419	0.0593330195641491	0.0605975483414504	0.0623860381725573	0.0635999623399804	0.0646487831757565	0.0682146926631486	0.0717128406230031	0.0722818517942757	0.074548641416412	0.0790246143424219	0.0805959411272473	0.0823409252622426	0.0825093949364409	0.0843777050532013	0.0885883190240449	0.0911462704907834	0.0940506981043376	0.0959935497270198	0.106323073052376	0.110486963396906	0.121401516197483	0.122855347955797	0.129715290348386	Welsh
dan	0.296150354828006	0.296150354828005	0.296150354828005	0.296150354828006	0.296150354828006	0.296150354828006	0.296150354828006	0.296150354828005	0.296150354828005	0.300490868315572	0.30260953113484	0.306472265053139	0.314048525635346	0.315861921011252	0.317684735199935	0.317684735199935	0.320168464220111	0.323944413134622	0.329086031347667	0.332716608396066	0.336378909619992	0.356337156352839	0.309347595437567	0.277264512597395	0.225002617184831	0.187741122745248	0.190118910822275	0.193151113930239	0.198297042029899	0.203562698719546	0.206191100978907	0.206785449663305	0.224158610073653	0.239770708015774	0.241233483824196	0.248938029329383	0.260674926020158	0.271002842552778	0.279190692665349	0.279800739041056	0.285353842107281	0.311174492873558	0.308267895308888	0.307288670215923	0.316043814478881	0.303768361192545	0.301538204412551	0.314671678011849	0.257843902125585	0.22966998738323	Danish
deu	0.328111940068739	0.328111940068739	0.328111940068739	0.328111940068739	0.328111940068739	0.328111940068739	0.32811194006874	0.328111940068739	0.328111940068739	0.332644071546765	0.335070584831743	0.339444507804798	0.348605258485222	0.350681570400849	0.352768871303548	0.352768871303547	0.355161673470869	0.362100268065738	0.364692391210495	0.370767006245955	0.378919277364828	0.405506132965298	0.371072600867865	0.327592727354483	0.341623916828131	0.352323524077316	0.356681807136985	0.35613068611044	0.361554004111415	0.337031103444691	0.344584743346048	0.326972731413502	0.279312444013848	0.282381444436638	0.283217761364968	0.24945631092655	0.255402440852294	0.262281717011829	0.223381380101797	0.203505145024376	0.0843777050532012	0.088588319024045	0.0911462704907835	0.0940506981043376	0.0959935497270198	0.106323073052376	0.110486963396906	0.121401516197483	0.122855347955797	0.129715290348386	German
ell	0.151931329875059	0.151931329875059	0.151931329875059	0.151931329875059	0.151931329875059	0.151931329875059	0.151931329875059	0.151931329875059	0.151931329875059	0.153504808944599	0.153717758919684	0.154949384240363	0.157481614215328	0.158044870351723	0.158609934276292	0.158609934276292	0.159440960264504	0.158471173699803	0.162181647005168	0.164918203986618	0.15642847469882	0.159118634691431	0.164278823194237	0.166865017852842	0.167363576476431	0.17200020839245	0.113786578827811	0.109523991279519	0.113234684280131	0.117881772558394	0.105256178793706	0.108036233792411	0.114617732002448	0.122978835011287	0.115091564010164	0.0999297433246915	0.104244701404378	0.0993799166978438	0.102133246049051	0.102398529346657	0.103416230081932	0.109953945312644	0.113860619529356	0.118277301314282	0.111127970082174	0.110531472273446	0.114861627929983	0.12508871319974	0.126679403011632	0.13423249753725	Modern Greek
eng	1	1	1	1	1	1	1	1	1	1	1	1	1	1	1	1	1	1	1	1	1	1	1	1	1	1	1	1	1	1	1	1	1	1	1	1	1	1	1	1	1	1	1	1	1	1	1	1	1	1	English
est	0.0933131876088384	0.0933131876088383	0.0933131876088384	0.0933131876088385	0.0933131876088384	0.0933131876088385	0.0933131876088384	0.0933131876088383	0.0933131876088383	0.0937347675948268	0.0939040883278644	0.0941988945515077	0.0474050624879795	0.0474680665846713	0.0475307986353052	0.0475307986353051	0.0476307307138284	0.0480142362603462	0.0486940161303528	0.0492111079595824	0.0501303518283122	0.0521359759329805	0.0536744401661667	0.0543089002548627	0.0558452486139106	0.0572965000712908	0.057485876579542	0.0593330195641491	0.0605975483414503	0.0623860381725573	0.0635999623399803	0.0646487831757565	0.0682146926631486	0.0717128406230031	0.0722818517942757	0.0745486414164119	0.0790246143424219	0.0805959411272473	0.0823409252622426	0.0825093949364409	0.0843777050532013	0.0885883190240449	0.0911462704907834	0.0940506981043376	0.0959935497270197	0.106323073052376	0.110486963396906	0.121401516197483	0.122855347955797	0.129715290348386	Estonian
eus	0.157489967737347	0.157489967737347	0.157489967737347	0.157489967737347	0.157489967737347	0.157489967737347	0.157489967737347	0.157489967737347	0.157489967737347	0.112069970566149	0.112802881916165	0.114127215313526	0.11683641996898	0.117451904477234	0.118070475097458	0.118070475097458	0.118914337732945	0.120841028845781	0.120505811766909	0.122293260795136	0.123126043351393	0.128363920064367	0.128870302435622	0.09183656710682	0.0952242511055604	0.0971979163791576	0.098102681594938	0.0983723963438848	0.101232015293132	0.103339890582487	0.104881845201064	0.10626296679443	0.113873746898996	0.120373469467563	0.121696976568776	0.126020718229757	0.13156908079234	0.135897891859543	0.138221683469125	0.138410025738371	0.141351059407312	0.152608534714969	0.151298113895317	0.150023400153816	0.154390384854872	0.16465840851691	0.165776841451734	0.170145361041097	0.171896627683246	0.180560113500553	Basque
fas	0.11344082002067	0.11344082002067	0.11344082002067	0.11344082002067	0.11344082002067	0.11344082002067	0.11344082002067	0.11344082002067	0.11344082002067	0.114227479791521	0.114555691207257	0.0676135804674933	0.0685141458536404	0.0687097612275249	0.0689057512537574	0.0689057512537573	0.0691548241344128	0.0700711666760796	0.0715895699636111	0.0726622013312216	0.0745725706035103	0.0792097811491014	0.0817738436814684	0.0828737384032468	0.0861663932950492	0.0891399915478746	0.0897868297079402	0.093444315508332	0.0776410407131329	0.0800525717030388	0.0818911576400879	0.0835432034236496	0.089755943841098	0.095365547332284	0.0919953256688809	0.0925010966211172	0.0985586916294081	0.100918370761371	0.0967893157191383	0.0968878868597366	0.0976026895776144	0.103456054764836	0.100287062187667	0.103814526825663	0.1061867973376	0.118972606146972	0.124210617327024	0.138176332460836	0.140062813664178	0.149049258144858	Persian
fil	0.442215623423539	0.442215623423539	0.442215623423539	0.442215623423539	0.44221562342354	0.442215623423539	0.44221562342354	0.442215623423539	0.442215623423539	0.449556785029075	0.453086072875911	0.459509109475208	0.472361836602837	0.475379168453612	0.478413054344079	0.478413054344078	0.482522542204739	0.48966985328499	0.496557836643507	0.504657993369159	0.513718062719577	0.548533511407988	0.553422302511215	0.556422149841924	0.584008294334056	0.59364433526388	0.602005643990213	0.607561441156461	0.619519257577182	0.623830100091079	0.630928144959722	0.609827919820835	0.646491445838432	0.664571281300547	0.670004629012684	0.646362913696971	0.549102043934183	0.51924227264408	0.53332681092511	0.534669871940028	0.532995308553718	0.41962835968006	0.412935873541257	0.409575284144767	0.367637319461129	0.290666160117951	0.236977300983792	0.197492842199049	0.195886238061487	0.193309792442092	Filipino
fin	0.146887344163995	0.146887344163994	0.146887344163995	0.146887344163995	0.146887344163995	0.146887344163995	0.146887344163995	0.146887344163994	0.146887344163994	0.148469406869405	0.14917242020251	0.150436815833723	0.152618742656778	0.153198215076815	0.153779876047937	0.153779876047936	0.154586989300277	0.15476338152509	0.109151982836774	0.0795464134174615	0.0803465221694292	0.0853077684053018	0.0862315913700658	0.086495863145659	0.0887384030230189	0.0902738451829783	0.0910466298507445	0.0944688088433391	0.0970617075694635	0.10061338521756	0.10266704619278	0.101930678214516	0.10901065166282	0.1170551431972	0.118314004822703	0.122536865496469	0.126102086928281	0.130167809284167	0.134268628015146	0.134665912312643	0.138763553456605	0.15001115187896	0.153745945676087	0.158442848216711	0.162924267929358	0.160203326080655	0.158048999362792	0.161537984472165	0.163048747078867	0.170273269920434	Finnish
fra	0.417086151261143	0.417086151261142	0.417086151261142	0.417086151261143	0.417086151261143	0.417086151261143	0.417086151261143	0.417086151261143	0.417086151261142	0.42377298942225	0.427017287118523	0.432478567218237	0.444261994996044	0.447028417054911	0.449809736383305	0.449809736383303	0.448898462085144	0.45607447303029	0.461727947250222	0.468937396381623	0.478224197584305	0.514772659125503	0.515007843549899	0.512327424651803	0.503951793801425	0.517448945808972	0.524568053473221	0.504868870483879	0.468512721285661	0.429980521099679	0.44044735944742	0.443278844689122	0.471397807481777	0.456946885368978	0.452238265383183	0.383849087271985	0.263668746727498	0.24828353103698	0.244526580241561	0.226231576584709	0.214117422696903	0.161725629980001	0.160942811883789	0.103814526825663	0.1061867973376	0.118972606146972	0.124210617327024	0.138176332460836	0.140062813664178	0.149049258144858	French
glg	0.283945536450419	0.283945536450419	0.283945536450419	0.283945536450419	0.283945536450419	0.283945536450419	0.283945536450419	0.283945536450419	0.283945536450418	0.288132329073544	0.290185550650316	0.293932232008415	0.301269481550461	0.303030938455943	0.304801740284784	0.304801740284783	0.30720616756674	0.3107283073793	0.315427193339987	0.318717656176659	0.321790866348465	0.288145940643101	0.239157126655529	0.238596973897159	0.247326368961083	0.249943795299392	0.253511817972522	0.256578734768742	0.264082665404636	0.270630979043535	0.23259826816049	0.193669448161351	0.209130465356684	0.222727137933703	0.223869209707494	0.230215724003434	0.239162224275731	0.248285645256275	0.255174537986398	0.255661662400578	0.259859244206419	0.284107578252882	0.279656578151425	0.276791451859174	0.283899903869363	0.267423255228587	0.262399513638467	0.266644083960375	0.264911545632866	0.262070320105387	Galician
hat	0.132232825890518	0.132232825890518	0.132232825890518	0.132232825890518	0.132232825890518	0.132232825890518	0.132232825890518	0.132232825890518	0.132232825890518	0.133457030271286	0.134002757374967	0.134937897500685	0.136930660243603	0.137375282501348	0.13782122927908	0.137821229279079	0.0903934542446868	0.0918103712611247	0.0936607923528269	0.0953649656388254	0.0980774463837392	0.105812325867228	0.108959955533618	0.109956778261354	0.112131875042444	0.116592527192157	0.117796385338606	0.119243808703649	0.117378992894835	0.116035600578119	0.11962483328718	0.12196365900917	0.132527205782052	0.137250758950289	0.137659090342531	0.131779497346524	0.0998609353667121	0.100606585977569	0.102475470130545	0.101175625435962	0.102444441792272	0.102915320727078	0.105815607556291	0.103814526825663	0.1061867973376	0.118972606146972	0.124210617327024	0.138176332460836	0.140062813664178	0.149049258144858	Haitian
hbs	0.283945536450419	0.283945536450419	0.283945536450419	0.283945536450419	0.283945536450419	0.283945536450419	0.283945536450419	0.283945536450419	0.283945536450419	0.288132329073544	0.290185550650316	0.293932232008415	0.301269481550461	0.303030938455943	0.304801740284784	0.304801740284783	0.30720616756674	0.3107283073793	0.315427193339987	0.318717656176659	0.321790866348464	0.241426722826055	0.20659997545163	0.206410011006362	0.175054212060325	0.177065033879838	0.179334259685924	0.182403568709817	0.186984039224942	0.191449779588603	0.19353118430769	0.193669448161351	0.209130465356684	0.222727137933703	0.223869209707494	0.230215724003434	0.239162224275731	0.248285645256275	0.255174537986399	0.255661662400578	0.259859244206419	0.284107578252882	0.279656578151425	0.276791451859174	0.283899903869363	0.267423255228587	0.262399513638467	0.266644083960375	0.264911545632866	0.262070320105387	Serbo-Croatian
heb	0.0933131876088384	0.0933131876088384	0.0933131876088383	0.0933131876088384	0.0933131876088384	0.0933131876088384	0.0933131876088385	0.0933131876088384	0.0933131876088383	0.0937347675948268	0.0939040883278644	0.0941988945515077	0.094810124975959	0.0949361331693425	0.0475307986353052	0.0475307986353051	0.0476307307138284	0.0480142362603462	0.0486940161303528	0.0492111079595824	0.0501303518283123	0.0521359759329805	0.0536744401661667	0.0543089002548627	0.0558452486139106	0.0572965000712908	0.0574858765795419	0.0593330195641491	0.0605975483414504	0.0623860381725573	0.0635999623399804	0.0646487831757565	0.0682146926631486	0.071712840623003	0.0722818517942757	0.0745486414164119	0.0790246143424219	0.0805959411272474	0.0823409252622426	0.0825093949364409	0.0843777050532013	0.088588319024045	0.0911462704907835	0.0940506981043376	0.0959935497270197	0.106323073052376	0.110486963396906	0.121401516197483	0.122855347955797	0.129715290348386	Hebrew
hin	0.0933131876088384	0.0933131876088383	0.0933131876088384	0.0933131876088384	0.0933131876088385	0.0933131876088385	0.0933131876088385	0.0933131876088384	0.0933131876088383	0.0937347675948269	0.0939040883278643	0.0941988945515077	0.0474050624879795	0.0474680665846712	0.0475307986353053	0.0475307986353051	0.0476307307138284	0.0480142362603462	0.0486940161303528	0.0492111079595824	0.0501303518283122	0.0521359759329805	0.0536744401661667	0.0543089002548627	0.0558452486139106	0.0572965000712908	0.0574858765795419	0.059333019564149	0.0605975483414504	0.0623860381725572	0.0635999623399804	0.0646487831757565	0.0682146926631486	0.071712840623003	0.0722818517942757	0.074548641416412	0.0790246143424219	0.0805959411272473	0.0823409252622426	0.0825093949364409	0.0843777050532013	0.0885883190240449	0.0911462704907834	0.0940506981043376	0.0959935497270198	0.106323073052376	0.110486963396906	0.121401516197483	0.122855347955797	0.129715290348386	Hindi
hun	0.0933131876088384	0.0933131876088383	0.0933131876088384	0.0933131876088385	0.0933131876088384	0.0933131876088385	0.0933131876088385	0.0933131876088383	0.0933131876088383	0.0937347675948268	0.0939040883278643	0.0941988945515077	0.0948101249759589	0.0949361331693425	0.0950615972706105	0.0950615972706102	0.0952614614276568	0.0480142362603462	0.0486940161303528	0.0492111079595824	0.0501303518283123	0.0521359759329805	0.0536744401661667	0.0543089002548627	0.0558452486139106	0.0572965000712908	0.0574858765795419	0.0593330195641491	0.0605975483414503	0.0623860381725573	0.0635999623399804	0.0646487831757564	0.0682146926631486	0.071712840623003	0.0722818517942757	0.074548641416412	0.0790246143424219	0.0805959411272473	0.0823409252622426	0.0825093949364409	0.0843777050532013	0.0885883190240449	0.0911462704907834	0.0940506981043376	0.0959935497270197	0.106323073052376	0.110486963396906	0.121401516197483	0.122855347955797	0.129715290348386	Hungarian
ita	0.364129724164178	0.364129724164178	0.364129724164178	0.364129724164178	0.364129724164179	0.364129724164179	0.364129724164179	0.364129724164178	0.364129724164178	0.369993692515382	0.372830854304884	0.377956485106505	0.388174701580293	0.390600747830192	0.393040081394312	0.393040081394312	0.39593469363981	0.401546690430468	0.408752760176805	0.414541071844614	0.421243695353274	0.451154926408728	0.452698868526778	0.453849916386024	0.471623227328526	0.481453580276079	0.48819267243213	0.49681483630825	0.505832219322253	0.464503156496599	0.473758996826098	0.473378451753994	0.475517155949029	0.383581645018051	0.386104798847296	0.307016629046553	0.303391122556555	0.290134464893075	0.299089161065133	0.299776950025094	0.304832165146304	0.284107578252882	0.279656578151425	0.276791451859174	0.283899903869363	0.218538661545189	0.21333887741762	0.170145361041097	0.171896627683246	0.180560113500553	Italian
jpn	0.397963454246332	0.397963454246332	0.397963454246331	0.397963454246332	0.397963454246332	0.397963454246332	0.397963454246332	0.397963454246332	0.397963454246332	0.404284355139133	0.406796372044489	0.412254921869094	0.42316939975192	0.425728247416068	0.428300474841055	0.428300474841054	0.431866701925745	0.407637530879397	0.416349691416973	0.423049033579813	0.355441953985028	0.315502128247443	0.315581287676918	0.318984344441258	0.278322625025798	0.275698208174494	0.270465919666453	0.216694601890858	0.22304439211518	0.232870310209316	0.229859158449897	0.235451976225678	0.233223341813116	0.242595279238782	0.243046999207425	0.232571911855917	0.207821393234892	0.126389922349247	0.130597641171743	0.130981066976972	0.123963504291616	0.133308872959125	0.137520057400116	0.141517128438982	0.0396092925880949	0.0395812414018213	0.039594395561056	0.0303719188832811	0.0311264842716532	0.0348240147844667	Japanese
kor	0.364958699942578	0.364958699942578	0.364958699942578	0.364958699942578	0.364958699942578	0.364958699942579	0.364958699942578	0.364958699942578	0.364958699942578	0.370623326270471	0.373282762496673	0.378224838507317	0.388437421138799	0.390755765367976	0.393086217611214	0.393086217611214	0.396335312464294	0.400386603051644	0.408557076423785	0.415727743126985	0.410833305243612	0.385432677908321	0.385881800408778	0.389622396950908	0.396747624475093	0.40445795502812	0.408409229713584	0.413598935564085	0.417236408139646	0.430790461319609	0.437720937212878	0.443282181547647	0.354467262305419	0.355209208075485	0.356497717797819	0.302175969080189	0.239385076203471	0.192986356634733	0.199599132564996	0.200078085511142	0.190684443821632	0.206124872738619	0.206648858239759	0.198049449894862	0.126936846472913	0.136678299823437	0.128639344973034	0.138176332460836	0.140062813664178	0.129715290348386	Korean
lav	0.0933131876088384	0.0933131876088383	0.0933131876088383	0.0933131876088384	0.0933131876088385	0.0933131876088385	0.0933131876088385	0.0933131876088383	0.0933131876088383	0.0937347675948268	0.0939040883278643	0.0941988945515077	0.094810124975959	0.0949361331693425	0.0950615972706105	0.0950615972706102	0.0952614614276568	0.0960284725206924	0.0973880322607056	0.0984222159191648	0.100260703656624	0.0521359759329806	0.0536744401661668	0.0543089002548627	0.0558452486139106	0.0572965000712908	0.0574858765795419	0.0593330195641491	0.0605975483414504	0.0623860381725573	0.0635999623399803	0.0646487831757565	0.0682146926631486	0.071712840623003	0.0722818517942756	0.074548641416412	0.0790246143424219	0.0805959411272474	0.0823409252622426	0.0825093949364409	0.0843777050532013	0.0885883190240449	0.0911462704907835	0.0940506981043376	0.0959935497270197	0.106323073052376	0.110486963396906	0.121401516197483	0.122855347955797	0.129715290348386	Latvian
mlt	0.146887344163995	0.146887344163995	0.146887344163994	0.146887344163995	0.146887344163995	0.146887344163995	0.146887344163995	0.146887344163995	0.146887344163995	0.148469406869405	0.14917242020251	0.150436815833723	0.105213680168799	0.105730148492144	0.106249077412631	0.106249077412631	0.106956258586449	0.106749145264744	0.109151982836774	0.109881718875341	0.0803465221694292	0.0853077684053018	0.0862315913700658	0.086495863145659	0.0887384030230188	0.0902738451829782	0.0910466298507445	0.0944688088433391	0.0970617075694634	0.10061338521756	0.10266704619278	0.101930678214516	0.109010651662819	0.1170551431972	0.118314004822703	0.122536865496469	0.126102086928281	0.130167809284167	0.134268628015146	0.134665912312643	0.138763553456605	0.15001115187896	0.153745945676087	0.158442848216711	0.162924267929358	0.160203326080655	0.158048999362792	0.161537984472165	0.163048747078868	0.170273269920434	Maltese
msa	0.78104085848432	0.781040858484319	0.781040858484319	0.78104085848432	0.78104085848432	0.781040858484319	0.781040858484321	0.781040858484319	0.781040858484318	0.794372646841801	0.800415552016704	0.811767998987585	0.835558242674716	0.841080027392044	0.846631974272289	0.846631974272287	0.853814019104818	0.865765445252295	0.880697522532356	0.879300224019153	0.87873042252187	0.896103256551709	0.841602104693838	0.825993786401008	0.840479856579324	0.818370621777082	0.829261510065383	0.824083848183009	0.813364006511841	0.799578614419147	0.779595670022234	0.775336887500111	0.798372862675647	0.794995225355157	0.776682925474479	0.753961180588948	0.765782552703279	0.779392663715371	0.789706352670616	0.788941905781149	0.75994406763342	0.791032175065635	0.721464396916323	0.663215721416397	0.651906310268866	0.459774085530026	0.444040045200677	0.464263185584202	0.429948876507634	0.315708556198713	Malay
nld	0.386640308276053	0.386640308276053	0.386640308276052	0.386640308276053	0.386640308276053	0.386640308276053	0.386640308276053	0.386640308276053	0.386640308276052	0.392349582354461	0.395317053996412	0.40067158895774	0.411842268802972	0.414377831173698	0.416927004413736	0.416927004413735	0.419966798109549	0.428424752285475	0.400043594168434	0.407335417057966	0.418238596572035	0.451300258535953	0.454375277440784	0.452743964344255	0.47505685754067	0.484733136335385	0.491245681123226	0.43349166081742	0.443268204020032	0.421962034454565	0.431199788401422	0.431852031568863	0.438448116754697	0.368737941543799	0.371514840017495	0.362186990165087	0.370560123010767	0.368275600536882	0.35876649561349	0.359779070285919	0.299891281503062	0.165660886447531	0.169893150975126	0.175449192418827	0.138310779286247	0.152808882831104	0.132626786708117	0.141130587554453	0.143064719234938	0.152357565409306	Dutch
nor	0.13079414271805	0.13079414271805	0.13079414271805	0.13079414271805	0.13079414271805	0.13079414271805	0.13079414271805	0.13079414271805	0.13079414271805	0.131845840760474	0.132305000833894	0.133122932115389	0.13478564750468	0.135153835815302	0.13552260097711	0.13552260097711	0.136070730588305	0.137626949678635	0.140251709482288	0.142233662275034	0.145501106011471	0.153974673816374	0.153853757624112	0.152328635440272	0.0946311718113081	0.0931652793113593	0.0938026153383033	0.0905696802503284	0.0933453837209069	0.0970803683465138	0.0995277057205028	0.101440435980803	0.110153283187681	0.118832066433328	0.120115033619527	0.125571069909712	0.136113930598958	0.140932638658792	0.145833645920681	0.14628077601995	0.151074255247801	0.152767966018914	0.156952758480425	0.16213180216332	0.167427450599162	0.170918244368527	0.177119044504303	0.197804753827572	0.186210352583635	0.189298708543838	Norwegian
pol	0.0933131876088384	0.0933131876088383	0.0933131876088383	0.0933131876088384	0.0933131876088385	0.0933131876088385	0.0933131876088384	0.0933131876088383	0.0933131876088384	0.0937347675948268	0.0939040883278644	0.0941988945515077	0.094810124975959	0.0949361331693425	0.0950615972706105	0.0950615972706103	0.0952614614276568	0.0960284725206925	0.0973880322607056	0.0984222159191647	0.100260703656624	0.0521359759329806	0.0536744401661667	0.0543089002548627	0.0558452486139106	0.0572965000712908	0.0574858765795419	0.0593330195641491	0.0605975483414503	0.0623860381725573	0.0635999623399803	0.0646487831757564	0.0682146926631486	0.0717128406230031	0.0722818517942756	0.0745486414164119	0.0790246143424219	0.0805959411272474	0.0823409252622426	0.0825093949364409	0.0843777050532013	0.088588319024045	0.0911462704907835	0.0940506981043376	0.0959935497270198	0.106323073052376	0.110486963396906	0.121401516197483	0.122855347955797	0.129715290348386	Polish
por	0.574132745092096	0.574132745092096	0.574132745092096	0.574132745092097	0.574132745092097	0.574132745092097	0.574132745092097	0.574132745092096	0.574132745092097	0.583931028785088	0.588561508436966	0.597012539796464	0.609730423786253	0.613697650857001	0.617686641748441	0.61768664174844	0.622765250328152	0.611640563081349	0.620794622326655	0.616432076327032	0.602752010291133	0.63625532808598	0.606567131452285	0.5926646045077	0.589005425269338	0.575556012507843	0.58380867211384	0.592179355395899	0.601743143510487	0.612754843307528	0.614262688458253	0.576683631266562	0.598052375624203	0.632275924092351	0.636842469938941	0.643716950011281	0.595731760004138	0.615066558732208	0.630642691802676	0.632128225111571	0.644552353836988	0.6933513755718	0.686804570809437	0.684653611405824	0.697241829192396	0.506759741620113	0.430476451733285	0.330609283407897	0.327160353959779	0.31266922706736	Portuguese
ron	0.157489967737347	0.157489967737347	0.157489967737347	0.157489967737347	0.157489967737347	0.157489967737347	0.157489967737347	0.157489967737347	0.157489967737347	0.158937354363562	0.159754926080097	0.16122666258928	0.16424148245696	0.164919971061905	0.165601273732764	0.165601273732763	0.166545068446773	0.168855265106127	0.120505811766909	0.122293260795135	0.0866281975898526	0.0902499479986739	0.0912723713008943	0.09183656710682	0.0952242511055603	0.0971979163791576	0.098102681594938	0.0983723963438848	0.101232015293131	0.103339890582487	0.104881845201064	0.10626296679443	0.113873746898996	0.120373469467563	0.121696976568776	0.126020718229757	0.13156908079234	0.135897891859543	0.138221683469125	0.138410025738371	0.141351059407312	0.152608534714969	0.151298113895317	0.150023400153816	0.154390384854872	0.16465840851691	0.165776841451734	0.170145361041097	0.171896627683246	0.180560113500553	Romanian
rus	0.230223662369413	0.230223662369413	0.230223662369413	0.230223662369413	0.230223662369413	0.230223662369413	0.230223662369413	0.230223662369413	0.230223662369413	0.23336635743457	0.230169192042361	0.232662303307442	0.237851659499509	0.239021148578506	0.240195940433557	0.240195940433557	0.241852742170611	0.242614415652972	0.248964241315659	0.2525706671803	0.204775249701871	0.21049438226167	0.214745090070648	0.217274142379244	0.220135888728066	0.225267890788263	0.219225684586702	0.206265261639308	0.211272980281511	0.211906566247707	0.097627013877123	0.100110802262353	0.106901619010522	0.114844155198008	0.106166868638352	0.107891729412962	0.111320778755658	0.106673620403356	0.109772754518778	0.110071899482635	0.101671040008047	0.107869947499129	0.111687605362889	0.116073763476231	0.118051512728432	0.120348654724379	0.125764848319189	0.140274672641381	0.142242645147458	0.151644504929483	Russian
slk	0.124745782678349	0.124745782678348	0.124745782678348	0.124745782678349	0.124745782678349	0.124745782678349	0.124745782678349	0.124745782678348	0.124745782678348	0.125797970277762	0.126262379703628	0.127092152130117	0.128777136233007	0.129153290788843	0.129530344084702	0.129530344084702	0.13008563352232	0.083135103297739	0.0849279099894627	0.0863046209389599	0.088446413504038	0.0946105089255276	0.0974594197748552	0.0987254758661813	0.103525861098727	0.107078913332963	0.108109282062563	0.108067814968495	0.104283214603388	0.108670906184728	0.105095169898107	0.096398863361974	0.104711797058334	0.112813738522932	0.114029376481821	0.118696118724405	0.126850861320765	0.1307607962419	0.135263852595624	0.135672756567177	0.139801091895448	0.150227825170951	0.154107713283012	0.158986668517498	0.156258196930466	0.136297119203881	0.141202398651055	0.156072763882404	0.157782630184897	0.166511550782269	Slovak
slv	0.0933131876088384	0.0933131876088383	0.0933131876088384	0.0933131876088385	0.0933131876088384	0.0933131876088385	0.0933131876088385	0.0933131876088383	0.0933131876088383	0.0937347675948269	0.0939040883278643	0.0941988945515076	0.0948101249759589	0.0474680665846712	0.0475307986353052	0.0475307986353051	0.0476307307138284	0.0480142362603462	0.0486940161303528	0.0492111079595824	0.0501303518283122	0.0521359759329806	0.0536744401661667	0.0543089002548627	0.0558452486139106	0.0572965000712909	0.0574858765795419	0.0593330195641491	0.0605975483414503	0.0623860381725572	0.0635999623399804	0.0646487831757564	0.0682146926631486	0.071712840623003	0.0722818517942756	0.074548641416412	0.079024614342422	0.0805959411272474	0.0823409252622426	0.0825093949364409	0.0843777050532013	0.0885883190240449	0.0911462704907834	0.0940506981043377	0.0959935497270197	0.106323073052376	0.110486963396906	0.121401516197483	0.122855347955797	0.129715290348386	Slovenian
spa	0.687756808796766	0.687756808796766	0.687756808796766	0.687756808796766	0.687756808796767	0.687756808796766	0.687756808796766	0.687756808796766	0.687756808796765	0.695607280433838	0.701256344902856	0.711555781592761	0.732320071285704	0.737167562615264	0.742041775937646	0.742041775937645	0.748294283446938	0.758387493560747	0.737378032696229	0.742537161483707	0.728058839214597	0.731049364352321	0.700481104569157	0.691003991534466	0.705145083405373	0.696402332746674	0.706552764472426	0.657970503886585	0.670562886846794	0.656458618139094	0.649086592856884	0.643696316843896	0.669343398808763	0.678548338370402	0.683644975161163	0.690449561995819	0.664912659013266	0.686162974944145	0.678651084244094	0.677506250591124	0.675218107889856	0.722671074428527	0.65994848808011	0.595133297015869	0.608341240572072	0.548661111740041	0.500419926070441	0.401509358123034	0.399179038954773	0.391972473064737	Spanish
sqi	0.283945536450419	0.283945536450419	0.283945536450419	0.283945536450419	0.283945536450419	0.283945536450419	0.283945536450419	0.283945536450419	0.283945536450419	0.288132329073544	0.290185550650316	0.293932232008415	0.301269481550461	0.303030938455943	0.304801740284784	0.304801740284783	0.30720616756674	0.3107283073793	0.315427193339987	0.226235209963985	0.22760944927689	0.241426722826055	0.20659997545163	0.206410011006362	0.214433214551975	0.216966450187705	0.21995106470132	0.182403568709816	0.186984039224941	0.191449779588603	0.19353118430769	0.193669448161351	0.209130465356684	0.222727137933703	0.223869209707494	0.230215724003434	0.239162224275731	0.248285645256275	0.255174537986398	0.255661662400578	0.259859244206419	0.284107578252882	0.279656578151425	0.276791451859174	0.283899903869363	0.267423255228588	0.262399513638467	0.266644083960375	0.264911545632866	0.262070320105387	Albanian
swa	0.230371379895263	0.230371379895262	0.230371379895262	0.230371379895263	0.230371379895263	0.230371379895263	0.230371379895263	0.230371379895262	0.230371379895262	0.233397689798966	0.23491721877567	0.2376943107262	0.243460863869642	0.24476885654847	0.246083461507458	0.246083461507457	0.24788063969412	0.251993398374902	0.219063328815288	0.221505968843124	0.22486067990469	0.183688383632765	0.136444893113004	0.136695381263609	0.142161057651217	0.14408768876815	0.145773506414721	0.147267779430627	0.150519879996929	0.1532224325436	0.15446410045489	0.156387553122591	0.168334506357013	0.177384835359506	0.177837056679067	0.182227499923377	0.192084751689872	0.198713777099355	0.203246835233495	0.203505145024376	0.205473395803015	0.222684745397967	0.217056902966122	0.2123993017468	0.216969185667024	0.213543002200309	0.214837477672582	0.226507615685693	0.224718146509796	0.170667517381172	Swahili
swe	0.105518005986425	0.105518005986425	0.105518005986425	0.105518005986425	0.105518005986425	0.105518005986425	0.105518005986425	0.105518005986425	0.105518005986425	0.106093306836854	0.106328068812388	0.106738927596233	0.107589169060843	0.107767115724651	0.107944592185762	0.107944592185762	0.108223758081028	0.109244578276014	0.111046870268386	0.112421168138572	0.114848746928152	0.120327191642719	0.123864908948204	0.125163401845895	0.122259899860678	0.125269089007992	0.125756404295436	0.070080564784572	0.0719105511464082	0.0744989573035003	0.0762598790111975	0.0777647846777107	0.0832428373801174	0.0887564107050738	0.0896461259109778	0.0932709467423605	0.10053731608685	0.103313138423751	0.106357079941193	0.106648471576919	0.109872302954063	0.102121776334383	0.105451929069515	0.109299307282712	0.112065505031779	0.106323073052376	0.110486963396906	0.121401516197483	0.122855347955797	0.129715290348386	Swedish
tam	0.0933131876088384	0.0933131876088383	0.0933131876088384	0.0933131876088384	0.0933131876088384	0.0933131876088385	0.0933131876088385	0.0933131876088383	0.0933131876088383	0.0937347675948268	0.0939040883278643	0.0941988945515077	0.0474050624879795	0.0474680665846712	0.0475307986353053	0.0475307986353051	0.0476307307138284	0.0480142362603462	0.0486940161303528	0.0492111079595824	0.0501303518283122	0.0521359759329806	0.0536744401661667	0.0543089002548627	0.0558452486139106	0.0572965000712908	0.0574858765795419	0.0593330195641491	0.0605975483414504	0.0623860381725573	0.0635999623399803	0.0646487831757565	0.0682146926631486	0.071712840623003	0.0722818517942757	0.074548641416412	0.0790246143424219	0.0805959411272473	0.0823409252622426	0.0825093949364409	0.0843777050532013	0.088588319024045	0.0911462704907835	0.0940506981043376	0.0959935497270197	0.106323073052376	0.110486963396906	0.121401516197483	0.122855347955797	0.129715290348386	Tamil
tha	0.237385297871523	0.237385297871523	0.237385297871523	0.237385297871523	0.237385297871523	0.237385297871523	0.237385297871523	0.237385297871523	0.237385297871523	0.240830894454606	0.242319000976115	0.245128862281226	0.250978050508631	0.252298853624213	0.253626116006641	0.25362611600664	0.255492766923127	0.256759929130721	0.26349347791556	0.267519161450365	0.265190130828076	0.207629998686544	0.210884030301927	0.213120231397772	0.218483239414499	0.223627365434105	0.225146073602307	0.229498714739546	0.234565911544298	0.242933094696719	0.24707928399902	0.251959143720091	0.186944461419444	0.140056159872028	0.141386369375749	0.13694017740412	0.116859240995043	0.111703775202637	0.115211279776128	0.115526038487573	0.100467220812217	0.106848575009004	0.109981543220516	0.0940506981043376	0.0959935497270198	0.106323073052376	0.110486963396906	0.121401516197483	0.122855347955797	0.129715290348386	Thai
tur	0.243719916244086	0.243719916244086	0.243719916244086	0.243719916244086	0.243719916244086	0.243719916244086	0.243719916244086	0.243719916244086	0.243719916244086	0.242677532969869	0.244215239840359	0.247013231760197	0.252895377771348	0.254214436084047	0.255539897290472	0.255539897290471	0.257309293176196	0.262107263370279	0.26488809046714	0.268996676099564	0.27608784044944	0.295702650738627	0.295471671683738	0.292442988896189	0.306844793020854	0.314995538217004	0.318622071826669	0.321729450753277	0.329495164985676	0.332193964773611	0.338612773623956	0.320235121402861	0.24564826653285	0.181493933348474	0.181922366482158	0.155775273190336	0.167011220951209	0.172164705177555	0.155198354182381	0.155470728137538	0.156735532402483	0.16782952769152	0.166596728266799	0.103814526825663	0.1061867973376	0.118972606146972	0.124210617327024	0.138176332460836	0.140062813664178	0.149049258144858	Turkish
ukr	0.021482903798671	0.0214829037986709	0.0214829037986709	0.021482903798671	0.0214829037986709	0.0214829037986709	0.0214829037986709	0.0214829037986709	0.0214829037986709	0.0218745412785807	0.0216138281398991	0.0219165317753686	0.0225507455628876	0.0226917435917382	0.0228334097555304	0.0228334097555303	0.0230392456694586	0.0232978917466552	0.0242461375650115	0.024858564740067	0.0205309106265706	0.0219486600952441	0.0230526449759501	0.0235998394528704	0.024587086869726	0.0258141234412184	0.0252047612944335	0.0244766816084987	0.0256052492717024	0.0264400222618899	0.0124181488118995	0.0129440830980198	0.0145845221719916	0.0164716011963964	0.0153478757287594	0.0160863636956069	0.00879708160946395	0.00859746082985923	0.00903879017566121	0.00908196582581697	0.00857876902625119	0.00955601732215984	0.0101799086888737	0.0109168184865373	0.0113321837574467	0.0127958388080153	0.0138953761928598	0.0170295579427692	0.0174752696637439	0.0196706109866652	Ukrainian
vie	0.127368647246058	0.127368647246058	0.127368647246058	0.127368647246058	0.127368647246058	0.127368647246058	0.127368647246058	0.127368647246058	0.127368647246058	0.128475058948011	0.128956865828621	0.12982725623082	0.131637925419468	0.132032974547005	0.132429000981795	0.132429000981795	0.133016942508392	0.134476986429491	0.137176601999805	0.139339061616796	0.0913207880976136	0.0923257935714055	0.095098419380674	0.0966288280409974	0.100158188065491	0.103644550569497	0.104441401726064	0.108413167035219	0.0858810517535057	0.089261348336816	0.0914389974621403	0.0933064368163066	0.0923945680204604	0.0971859019495434	0.0980501669971351	0.0970754493800278	0.0979419276687325	0.0961498581649423	0.0987761025191853	0.0990177167120068	0.100467220812217	0.106848575009004	0.109981543220516	0.112677387126129	0.108178668211108	0.120855129909178	0.124699933996344	0.138176332460836	0.140062813664178	0.129715290348386	Vietnamese
zho	0.237385297871523	0.237385297871523	0.237385297871523	0.237385297871523	0.237385297871523	0.237385297871523	0.237385297871523	0.237385297871523	0.237385297871523	0.240830894454606	0.242319000976115	0.245128862281226	0.250978050508631	0.252298853624213	0.253626116006641	0.25362611600664	0.255492766923127	0.25675992913072	0.26349347791556	0.267519161450365	0.265190130828076	0.270798227868702	0.227822679244903	0.230443920342895	0.178180986990031	0.166330865362814	0.167660197022765	0.170165695175397	0.173968363202847	0.180547056524162	0.183479321659039	0.187310360544334	0.186944461419444	0.17159446443743	0.17175813428318	0.170620151134124	0.174880604018757	0.169152258145492	0.174554784894702	0.174920004582411	0.175049313210399	0.188734394658442	0.18827477264102	0.188363073442521	0.174559705620968	0.125063529130248	0.114861627929983	0.12508871319974	0.126679403011632	0.13423249753725	Chinese
